<Ui xmlns="http://www.blizzard.com/wow/ui/" xmlns:xsi="http://www.w3.org/2001/XMLSchema-instance" xsi:schemaLocation="http://www.blizzard.com/wow/ui/
..\..\FrameXML\UI.xsd">
	<Script file="Blizzard_TimeManager.lua"/>
	<Frame name="TimeManagerFrame" toplevel="true" parent="UIParent" enableMouse="true" frameStrata="DIALOG" hidden="true">
		<Size x="256" y="256"/>
		<Anchors>
			<Anchor point="TOPRIGHT">
				<Offset x="45" y="-170"/>
			</Anchor>
		</Anchors>
		<Layers>
			<Layer level="BACKGROUND">
				<Texture name="TimeManagerGlobe" file="Interface\TimeManager\GlobeIcon">
					<Size x="64" y="64"/>
					<Anchors>
						<Anchor point="TOPLEFT">
							<Offset>
								<AbsDimension x="6" y="-4"/>
							</Offset>
						</Anchor>
					</Anchors>
				</Texture>
			</Layer>
			<Layer level="BORDER">
				<Texture file="Interface\PaperDollInfoFrame\UI-Character-General-TopLeft">
					<Size x="172" y="240"/>
					<Anchors>
						<Anchor point="TOPLEFT">
							<Offset>
								<AbsDimension x="0" y="0"/>
							</Offset>
						</Anchor>
					</Anchors>
					<TexCoords left="0" right="0.671875" top="0" bottom="0.937500"/>
				</Texture>
				<Texture file="Interface\PaperDollInfoFrame\UI-Character-General-TopRight">
					<Size x="68" y="240"/>
					<Anchors>
						<Anchor point="TOPLEFT">
							<Offset>
								<AbsDimension x="172" y="0"/>
							</Offset>
						</Anchor>
					</Anchors>
					<TexCoords left="0.46875" right="1" top="0" bottom="0.937500"/>
				</Texture>
				<Texture file="Interface\PaperDollInfoFrame\UI-Character-General-BottomLeft">
					<Size x="172" y="88"/>
					<Anchors>
						<Anchor point="TOPLEFT">
							<Offset>
								<AbsDimension x="0" y="-240"/>
							</Offset>
						</Anchor>
					</Anchors>
					<TexCoords left="0" right="0.671875" top="0.65625" bottom="1.0"/>
				</Texture>
				<Texture file="Interface\PaperDollInfoFrame\UI-Character-General-BottomRight">
					<Size x="68" y="88"/>
					<Anchors>
						<Anchor point="TOPLEFT">
							<Offset>
								<AbsDimension x="172" y="-240"/>
							</Offset>
						</Anchor>
					</Anchors>
					<TexCoords left="0.46875" right="1.0" top="0.65625" bottom="1.0"/>
				</Texture>
				<FontString name="TimeManagerFrameTicker" inherits="GameFontHighlightLarge" text="TIMEMANAGER_TICKER" justifyH="CENTER">
					<Anchors>
						<Anchor point="CENTER" relativeTo="TimeManagerGlobe">
							<Offset x="-2" y="0"/>
						</Anchor>
					</Anchors>
				</FontString>
				<FontString inherits="GameFontWhite" text="TIMEMANAGER_TITLE">
					<Anchors>
						<Anchor point="TOP">
							<Offset x="0" y="-17"/>
						</Anchor>
					</Anchors>
				</FontString>
			</Layer>
		</Layers>
		<Frames>
			<Button name="TimeManagerCloseButton" inherits="UIPanelCloseButton">
				<Anchors>
					<Anchor point="TOPRIGHT">
						<Offset x="-46" y="-8"/>
					</Anchor>
				</Anchors>
				<Scripts>
					<OnClick>
						TimeManagerCloseButton_OnClick();
					</OnClick>
				</Scripts>
			</Button>
			<Frame name="TimeManagerStopwatchFrame">
				<Size x="160" y="60"/>
				<Anchors>
					<Anchor point="TOPRIGHT">
						<Offset x="-40" y="-24"/>
					</Anchor>
				</Anchors>
				<Layers>
					<Layer level="BACKGROUND">
						<Texture name="TimeManagerStopwatchFrameBackground" file="Interface\QuestFrame\UI-QuestItemNameFrame">
							<Size x="150" y="50"/>
							<Anchors>
								<Anchor point="RIGHT">
									<Offset>
										<AbsDimension x="-4" y="0"/>
									</Offset>
								</Anchor>
							</Anchors>
						</Texture>
					</Layer>
					<Layer level="ARTWORK">
						<FontString name="TimeManagerStopwatchFrameText" text="TIMEMANAGER_SHOW_STOPWATCH" inherits="GameFontNormalSmall" justifyH="RIGHT">
							<Anchors>
								<Anchor point="RIGHT">
									<Offset x="-48" y="0"/>
								</Anchor>
							</Anchors>
						</FontString>
					</Layer>
				</Layers>
				<Frames>
					<CheckButton name="TimeManagerStopwatchCheck">
						<Size x="28" y="28"/>
						<Anchors>
							<Anchor point="RIGHT">
								<Offset x="-17" y="1"/>
							</Anchor>
						</Anchors>
						<Scripts>
							<OnClick>
								TimeManagerStopwatchCheck_OnClick(self);
							</OnClick>
						</Scripts>
						<NormalTexture file="Interface\Icons\INV_Misc_PocketWatch_01">
							<Size x="28" y="28"/>
							<Anchors>
								<Anchor point="CENTER">
									<Offset>
										<AbsDimension x="0" y="-1"/>
									</Offset>
								</Anchor>
							</Anchors>
						</NormalTexture>
						<HighlightTexture alphaMode="ADD" file="Interface\Buttons\ButtonHilight-Square"/>
						<CheckedTexture alphaMode="ADD" file="Interface\Buttons\CheckButtonHilight"/>
					</CheckButton>
				</Frames>
			</Frame>
			<Frame name="TimeManagerAlarmTimeFrame">
				<Size x="145" y="52"/>
				<Anchors>
					<Anchor point="TOPLEFT">
						<Offset x="25" y="-80"/>
					</Anchor>
				</Anchors>
				<Layers>
					<Layer level="ARTWORK">
						<FontString name="TimeManagerAlarmTimeLabel" inherits="GameFontNormalSmall" text="TIMEMANAGER_ALARM_TIME">
							<Anchors>
								<Anchor point="TOPLEFT">
									<Offset x="0" y="0"/>
								</Anchor>
							</Anchors>
						</FontString>
						<FontString name="TimeManagerAMPMDummyText" inherits="GameFontHighlightSmall" hidden="true">
							<Anchors>
								<Anchor point="TOPLEFT">
									<Offset x="0" y="0"/>
								</Anchor>
							</Anchors>
						</FontString>
					</Layer>
				</Layers>
				<Frames>
					<Frame name="TimeManagerAlarmHourDropDown" inherits="UIDropDownMenuTemplate">
						<Anchors>
							<Anchor point="TOPLEFT" relativeTo="TimeManagerAlarmTimeLabel" relativePoint="BOTTOMLEFT">
								<Offset x="-20" y="-4"/>
							</Anchor>
						</Anchors>
					</Frame>
					<Frame name="TimeManagerAlarmMinuteDropDown" inherits="UIDropDownMenuTemplate">
						<Anchors>
							<Anchor point="LEFT" relativeTo="TimeManagerAlarmHourDropDown" relativePoint="RIGHT">
								<Offset x="-22" y="0"/>
							</Anchor>
						</Anchors>
					</Frame>
					<Frame name="TimeManagerAlarmAMPMDropDown" inherits="UIDropDownMenuTemplate">
						<Anchors>
							<Anchor point="LEFT" relativeTo="TimeManagerAlarmMinuteDropDown" relativePoint="RIGHT">
								<Offset x="-22" y="0"/>
							</Anchor>
						</Anchors>
					</Frame>
				</Frames>
			</Frame>
			<Frame name="TimeManagerAlarmMessageFrame">
				<Size x="160" y="40"/>
				<Anchors>
					<Anchor point="TOPLEFT" relativeTo="TimeManagerAlarmHourDropDown" relativePoint="BOTTOMLEFT">
						<Offset x="20" y="0"/>
					</Anchor>
				</Anchors>
				<Layers>
					<Layer level="ARTWORK">
						<FontString name="TimeManagerAlarmMessageLabel" inherits="GameFontNormalSmall" text="TIMEMANAGER_ALARM_MESSAGE">
							<Anchors>
								<Anchor point="TOPLEFT">
									<Offset x="0" y="0"/>
								</Anchor>
							</Anchors>
						</FontString>
					</Layer>
				</Layers>
				<Frames>
					<EditBox name="TimeManagerAlarmMessageEditBox" inherits="InputBoxTemplate" autoFocus="false" letters="32" historyLines="1">
						<Size x="160" y="20"/>
						<Anchors>
							<Anchor point="TOPLEFT" relativeTo="TimeManagerAlarmMessageLabel" relativePoint="BOTTOMLEFT">
								<Offset x="4" y="-4"/>
							</Anchor>
						</Anchors>
						<Scripts>
							<OnEnterPressed>
								TimeManagerAlarmMessageEditBox_OnEnterPressed(self);
							</OnEnterPressed>
							<OnEscapePressed>
								TimeManagerAlarmMessageEditBox_OnEscapePressed(self);
							</OnEscapePressed>
							<OnEditFocusLost>
								TimeManagerAlarmMessageEditBox_OnEditFocusLost(self);
							</OnEditFocusLost>
						</Scripts>
					</EditBox>
				</Frames>
			</Frame>
			<Button name="TimeManagerAlarmEnabledButton" inherits="UIPanelButtonTemplate">
				<Size x="160" y="20"/>
				<Anchors>
					<Anchor point="CENTER">
						<Offset x="-20" y="-50"/>
					</Anchor>
				</Anchors>
				<Scripts>
					<OnClick>
						TimeManagerAlarmEnabledButton_OnClick(self);
					</OnClick>
				</Scripts>
			</Button>
			<CheckButton name="TimeManagerMilitaryTimeCheck" inherits="UICheckButtonTemplate">
				<Size x="24" y="24"/>
				<Anchors>
					<Anchor point="TOPLEFT">
						<Offset x="171" y="-203"/>
					</Anchor>
				</Anchors>
				<Scripts>
					<OnLoad>
						_G[self:GetName().."Text"]:SetText(TIMEMANAGER_24HOURMODE);
						TimeManagerMilitaryTimeCheckText:ClearAllPoints();
						TimeManagerMilitaryTimeCheckText:SetPoint("RIGHT", self, "RIGHT", -self:GetWidth(), 0);
						TimeManagerMilitaryTimeCheckText:SetFontObject(GameFontHighlightSmall);
					</OnLoad>
					<OnClick>
						TimeManagerMilitaryTimeCheck_OnClick(self);
					</OnClick>
				</Scripts>
			</CheckButton>
			<CheckButton name="TimeManagerLocalTimeCheck" inherits="UICheckButtonTemplate">
				<Size x="24" y="24"/>
				<Anchors>
					<Anchor point="TOPRIGHT" relativeTo="TimeManagerMilitaryTimeCheck" relativePoint="BOTTOMRIGHT">
						<Offset x="0" y="6"/>
					</Anchor>
				</Anchors>
				<Scripts>
					<OnLoad>
						_G[self:GetName().."Text"]:SetText(TIMEMANAGER_LOCALTIME);
						TimeManagerLocalTimeCheckText:ClearAllPoints();
						TimeManagerLocalTimeCheckText:SetPoint("RIGHT", self, "RIGHT", -self:GetWidth(), 0);
						TimeManagerLocalTimeCheckText:SetFontObject(GameFontHighlightSmall);
					</OnLoad>
					<OnClick>
						TimeManagerLocalTimeCheck_OnClick(self);
					</OnClick>
				</Scripts>
			</CheckButton>
		</Frames>
		<Scripts>
			<OnLoad>
				TimeManagerFrame_OnLoad(self);
			</OnLoad>
			<OnUpdate>
				TimeManagerFrame_OnUpdate(self, elapsed);
			</OnUpdate>
			<OnShow>
				TimeManagerFrame_OnShow(self);
			</OnShow>
			<OnHide>
				TimeManagerFrame_OnHide(self);
			</OnHide>
		</Scripts>
	</Frame>
	<!-- Minimap button to access the TimeManagerButton -->
	<Button name="TimeManagerClockButton" parent="Minimap" hidden="true">
		<Size x="60" y="28"/>
		<Anchors>
			<Anchor point="CENTER">
				<Offset x="0" y="-68"/>
			</Anchor>
		</Anchors>
		<Layers>
			<Layer level="BORDER">
				<Texture file="Interface\TimeManager\ClockBackground" setAllPoints="true">
					<TexCoords left="0.015625" right="0.8125" top="0.015625" bottom="0.390625"/>
				</Texture>
			</Layer>
			<Layer level="ARTWORK">
				<FontString name="TimeManagerClockTicker" inherits="GameFontHighlightSmall">
					<Anchors>
						<Anchor point="CENTER">
							<Offset x="0" y="0"/>
						</Anchor>
					</Anchors>
				</FontString>
				<Texture name="TimeManagerAlarmFiredTexture" file="Interface\TimeManager\ClockBackground" alphaMode="ADD" hidden="true" setAllPoints="true">
					<TexCoords left="0.015625" right="0.8125" top="0.51625" bottom="0.890625"/>
				</Texture>
			</Layer>
		</Layers>
		<Scripts>
			<OnLoad>
				TimeManagerClockButton_OnLoad(self);
			</OnLoad>
			<OnEnter>
				TimeManagerClockButton_OnEnter(self);
			</OnEnter>
			<OnLeave>
				TimeManagerClockButton_OnLeave(self);
			</OnLeave>
			<OnUpdate>
				TimeManagerClockButton_OnUpdate(self, elapsed);
			</OnUpdate>
			<OnClick>
				TimeManagerClockButton_OnClick(self);
			</OnClick>
		</Scripts>
	</Button>
	<!-- Stopwatch -->
	<Frame name="StopwatchFrame" toplevel="true" parent="UIParent" movable="true" enableMouse="true" hidden="true" clampedToScreen="true" frameStrata="DIALOG">
		<Size x="132" y="44"/>
		<Anchors>
			<Anchor point="TOPRIGHT">
				<Offset x="-250" y="-300"/>
			</Anchor>
		</Anchors>
		<Layers>
			<Layer level="BACKGROUND">
				<Texture name="$parentBackgroundLeft" file="Interface\TimeManager\TimerBackground">
					<Size x="122" y="29"/>
					<Anchors>
						<Anchor point="BOTTOMLEFT"/>
					</Anchors>
					<TexCoords left="0.046875" right="1.0" top="0" bottom="0.453125"/>
				</Texture>
				<Texture file="Interface\TimeManager\TimerBackground">
					<Size x="10" y="29"/>
					<Anchors>
						<Anchor point="LEFT" relativeTo="$parentBackgroundLeft" relativePoint="RIGHT"/>
					</Anchors>
					<TexCoords left="0.0" right="0.078125" top="0.46875" bottom="0.921875"/>
				</Texture>
			</Layer>
		</Layers>
		<Frames>
			<Frame name="StopwatchTicker">
				<Size x="100" y="20"/>
				<Anchors>
					<Anchor point="BOTTOMRIGHT">
						<Offset x="-49" y="3"/>
					</Anchor>
				</Anchors>
				<Layers>
					<Layer level="BACKGROUND">
						<FontString name="StopwatchTickerSecond" inherits="GameFontHighlightLarge" justifyH="CENTER">
							<Anchors>
								<Anchor point="TOPRIGHT">
									<Offset x="0" y="0"/>
								</Anchor>
							</Anchors>
						</FontString>
						<FontString text=":" inherits="GameFontHighlightLarge">
							<Anchors>
								<Anchor point="TOPRIGHT">
									<Offset x="-22" y="0"/>
								</Anchor>
							</Anchors>
						</FontString>
						<FontString name="StopwatchTickerMinute" inherits="GameFontHighlightLarge" justifyH="CENTER">
							<Anchors>
								<Anchor point="TOPRIGHT">
									<Offset x="-27" y="0"/>
								</Anchor>
							</Anchors>
						</FontString>
						<FontString text=":" inherits="GameFontHighlightLarge">
							<Anchors>
								<Anchor point="TOPRIGHT">
									<Offset x="-49" y="0"/>
								</Anchor>
							</Anchors>
						</FontString>
						<FontString name="StopwatchTickerHour" inherits="GameFontHighlightLarge" justifyH="CENTER">
							<Anchors>
								<Anchor point="TOPRIGHT">
									<Offset x="-54" y="0"/>
								</Anchor>
							</Anchors>
						</FontString>
					</Layer>
				</Layers>
			</Frame>
			<Frame name="StopwatchTabFrame">
				<Size x="126" y="16"/>
				<Anchors>
					<Anchor point="TOP">
						<Offset x="0" y="0"/>
					</Anchor>
				</Anchors>
				<Layers>
					<Layer level="BACKGROUND">
						<Texture name="$parentLeft" file="Interface\ChatFrame\ChatFrameTab">
							<Size x="7" y="1"/>
							<Anchors>
								<Anchor point="LEFT"/>
								<Anchor point="TOP"/>
								<Anchor point="BOTTOM"/>
							</Anchors>
							<TexCoords left="0.03125" right="0.140625" top="0.28125" bottom="1.0"/>
						</Texture>
						<Texture name="$parentMiddle" file="Interface\ChatFrame\ChatFrameTab">
							<Size x="112" y="1"/>
							<Anchors>
								<Anchor point="LEFT" relativeTo="$parentLeft" relativePoint="RIGHT"/>
								<Anchor point="TOP"/>
								<Anchor point="BOTTOM"/>
							</Anchors>
							<TexCoords left="0.140625" right="0.859375" top="0.28125" bottom="1.0"/>
						</Texture>
						<Texture name="$parentRight" file="Interface\ChatFrame\ChatFrameTab">
							<Size x="7" y="1"/>
							<Anchors>
								<Anchor point="LEFT" relativeTo="$parentMiddle" relativePoint="RIGHT"/>
								<Anchor point="TOP"/>
								<Anchor point="BOTTOM"/>
							</Anchors>
							<TexCoords left="0.859375" right="0.96875" top="0.28125" bottom="1.0"/>
						</Texture>
						<FontString name="StopwatchTitle" text="STOPWATCH_TITLE" inherits="GameFontNormalSmall" justifyH="CENTER">
							<Anchors>
								<Anchor point="TOP">
									<Offset x="0" y="-3"/>
								</Anchor>
							</Anchors>
						</FontString>
					</Layer>
				</Layers>
				<Frames>
					<Button name="StopwatchCloseButton" inherits="UIPanelCloseButton">
						<Size x="20" y="20"/>
						<Anchors>
							<Anchor point="TOPRIGHT">
								<Offset x="1" y="1"/>
							</Anchor>
						</Anchors>
						<Scripts>
							<OnClick>
								StopwatchCloseButton_OnClick();
							</OnClick>
						</Scripts>
					</Button>
				</Frames>
			</Frame>
			<Button name="StopwatchResetButton">
				<Size x="24" y="24"/>
				<Anchors>
					<Anchor point="BOTTOMRIGHT">
						<Offset x="-2" y="3"/>
					</Anchor>
				</Anchors>
				<Scripts>
					<OnEnter>
						GameTooltip_AddNewbieTip(self, nil, 1.0, 1.0, 1.0, NEWBIE_TOOLTIP_STOPWATCH_RESETBUTTON, 1);
					</OnEnter>
					<OnLeave>
						GameTooltip:Hide();
					</OnLeave>
					<OnClick>
						StopwatchResetButton_OnClick();
					</OnClick>
				</Scripts>
				<NormalTexture file="Interface\TimeManager\ResetButton"/>
				<HighlightTexture file="Interface\Buttons\UI-Common-MouseHilight" alphaMode="ADD"/>
			</Button>
			<Button name="StopwatchPlayPauseButton">
				<Size x="24" y="24"/>
				<Anchors>
					<Anchor point="RIGHT" relativeTo="StopwatchResetButton" relativePoint="LEFT">
						<Offset x="5" y="0"/>
					</Anchor>
				</Anchors>
				<Scripts>
					<OnEnter>
						GameTooltip_AddNewbieTip(self, nil, 1.0, 1.0, 1.0, NEWBIE_TOOLTIP_STOPWATCH_PLAYPAUSEBUTTON, 1);
					</OnEnter>
					<OnLeave>
						GameTooltip:Hide();
					</OnLeave>
					<OnClick>
						StopwatchPlayPauseButton_OnClick(self);
					</OnClick>
				</Scripts>
				<NormalTexture file="Interface\Buttons\UI-SpellbookIcon-NextPage-Up"/>
				<HighlightTexture file="Interface\Buttons\UI-Common-MouseHilight" alphaMode="ADD"/>
			</Button>
		</Frames>
		<Scripts>
			<OnLoad>
				StopwatchFrame_OnLoad(self);
			</OnLoad>
			<OnEvent>
				StopwatchFrame_OnEvent(self, event, ...);
			</OnEvent>
			<OnUpdate>
				StopwatchFrame_OnUpdate(self);
			</OnUpdate>
			<OnShow>
				StopwatchFrame_OnShow(self);
			</OnShow>
			<OnHide>
				StopwatchFrame_OnHide(self);
			</OnHide>
			<OnMouseDown>
				StopwatchFrame_OnMouseDown(self);
			</OnMouseDown>
			<OnMouseUp>
				StopwatchFrame_OnMouseUp(self);
			</OnMouseUp>
			<OnDragStart>
				StopwatchFrame_OnDragStart(self);
			</OnDragStart>
			<OnDragStop>
				StopwatchFrame_OnDragStop(self);
			</OnDragStop>
		</Scripts>
	</Frame>
</Ui>
