<Ui xmlns="http://www.blizzard.com/wow/ui/" xmlns:xsi="http://www.w3.org/2001/XMLSchema-instance" xsi:schemaLocation="http://www.blizzard.com/wow/ui/
..\FrameXML\UI.xsd">
	<!-- if you change something here you probably want to change the glue version too -->

	<Script file="OptionsPanelTemplates.lua"/>
	<Script file="AudioOptionsPanels.lua"/>

	<!-- Templates -->
	
	<CheckButton name="AudioOptionsBaseCheckButtonTemplate" inherits="OptionsBaseCheckButtonTemplate" virtual="true">
		<Scripts>
			<OnClick>
				if ( self:GetChecked() ) then
					PlaySound("igMainMenuOptionCheckBoxOn");
				else
					PlaySound("igMainMenuOptionCheckBoxOff");
				end
				AudioOptionsPanel_CheckButton_OnClick(self);
			</OnClick>
		</Scripts>
	</CheckButton>
	<CheckButton name="AudioOptionsCheckButtonTemplate" virtual="true" inherits="AudioOptionsBaseCheckButtonTemplate">
		<Layers>
			<Layer level="ARTWORK">
				<FontString name="$parentText" inherits="GameFontHighlight">
					<Anchors>
						<Anchor point="LEFT" relativePoint="RIGHT">
							<Offset>
								<AbsDimension x="0" y="1"/>
							</Offset>
						</Anchor>
					</Anchors>
				</FontString>
			</Layer>
		</Layers>
	</CheckButton>
	<CheckButton name="AudioOptionsSmallCheckButtonTemplate" virtual="true" inherits="AudioOptionsBaseCheckButtonTemplate">
		<Layers>
			<Layer level="ARTWORK">
				<FontString name="$parentText" inherits="GameFontHighlightSmall">
					<Anchors>
						<Anchor point="LEFT" relativePoint="RIGHT">
							<Offset>
								<AbsDimension x="0" y="1"/>
							</Offset>
						</Anchor>
					</Anchors>
				</FontString>
			</Layer>
		</Layers>
	</CheckButton>

	<!-- Sound Panel -->

	<Frame name="AudioOptionsSoundPanel" hidden="false" parent="AudioOptionsFramePanelContainer">
		<Layers>
			<Layer level="ARTWORK">
				<FontString name="$parentTitle" text="SOUND_LABEL" inherits="GameFontNormalLarge" justifyH="LEFT" justifyV="TOP">
					<Anchors>
						<Anchor point="TOPLEFT">
							<Offset>
								<AbsDimension x="16" y="-16"/>
							</Offset>
						</Anchor>
					</Anchors>
				</FontString>
				<FontString name="$parentSubText" text="SOUND_SUBTEXT" inherits="GameFontHighlightSmall" nonspacewrap="true" maxLines="3" justifyH="LEFT" justifyV="TOP">
					<Size>
						<AbsDimension y="32" x="0"/>
					</Size>
					<Anchors>
						<Anchor point="TOPLEFT" relativeTo="$parentTitle" relativePoint="BOTTOMLEFT">
							<Offset>
								<AbsDimension x="0" y="-8"/>
							</Offset>
						</Anchor>
						<Anchor point="RIGHT">
							<Offset>
								<AbsDimension x="-32" y="0"/>
							</Offset>
						</Anchor>
					</Anchors>
				</FontString>
			</Layer>
		</Layers>
		<Frames>
			<CheckButton name="$parentEnableSound" inherits="AudioOptionsCheckButtonTemplate">
				<Anchors>
					<Anchor point="TOP">
						<Offset x="-64" y="-72"/>
					</Anchor>
				</Anchors>
				<Scripts>
					<OnLoad>
						self.type = CONTROLTYPE_CHECKBOX;
						self.cvar = "Sound_EnableAllSound";
						BlizzardOptionsPanel_RegisterControl(self, self:GetParent());
					</OnLoad>
				</Scripts>
			</CheckButton>	
			<Frame name="$parentPlayback" inherits="OptionsBoxTemplate">
				<Size x="186" y="296"/>
				<Anchors>
					<Anchor point="TOPLEFT">
						<Offset x="16" y="-116"/>
					</Anchor>
				</Anchors>
				<Scripts>
					<OnLoad>
						self:SetBackdropBorderColor(0.4, 0.4, 0.4);
						self:SetBackdropColor(0.15, 0.15, 0.15);
						_G[self:GetName().."Title"]:SetText(PLAYBACK);
					</OnLoad>
				</Scripts>
			</Frame>		
			<CheckButton name="$parentSoundEffects" inherits="AudioOptionsSmallCheckButtonTemplate">
				<Anchors>
					<Anchor point="TOPLEFT" relativeTo="$parentPlayback">
						<Offset x="8" y="-6"/>
					</Anchor>
				</Anchors>
				<Scripts>
					<OnLoad>
						self.type = CONTROLTYPE_CHECKBOX;
						self.cvar = "Sound_EnableSFX";
						BlizzardOptionsPanel_RegisterControl(self, self:GetParent());
					</OnLoad>
				</Scripts>
			</CheckButton>				
			<CheckButton name="$parentErrorSpeech" inherits="AudioOptionsSmallCheckButtonTemplate">
				<Anchors>
					<Anchor point="TOPLEFT" relativeTo="$parentSoundEffects" relativePoint="BOTTOMLEFT">
						<Offset x="8" y="4"/>
					</Anchor>
				</Anchors>
				<Scripts>
					<OnLoad>
						self.type = CONTROLTYPE_CHECKBOX;
						self.cvar = "Sound_EnableErrorSpeech";
						BlizzardOptionsPanel_RegisterControl(self, self:GetParent());
						BlizzardOptionsPanel_SetupDependentControl(AudioOptionsSoundPanelSoundEffects, self);
					</OnLoad>
				</Scripts>
			</CheckButton>	
			<CheckButton name="$parentEmoteSounds" inherits="AudioOptionsSmallCheckButtonTemplate">
				<Anchors>
					<Anchor point="TOPLEFT" relativeTo="$parentErrorSpeech" relativePoint="BOTTOMLEFT">
						<Offset x="0" y="4"/>
					</Anchor>
				</Anchors>
				<Scripts>
					<OnLoad>
						self.type = CONTROLTYPE_CHECKBOX;
						self.cvar = "Sound_EnableEmoteSounds";
						BlizzardOptionsPanel_RegisterControl(self, self:GetParent());
						BlizzardOptionsPanel_SetupDependentControl(AudioOptionsSoundPanelSoundEffects, self);
					</OnLoad>
				</Scripts>
			</CheckButton>	
			<CheckButton name="$parentMusic" inherits="AudioOptionsSmallCheckButtonTemplate">
				<Anchors>
					<Anchor point="TOPLEFT" relativeTo="$parentEmoteSounds" relativePoint="BOTTOMLEFT">
						<Offset x="-8" y="2"/>
					</Anchor>
				</Anchors>
				<Scripts>
					<OnLoad>
						self.type = CONTROLTYPE_CHECKBOX;
						self.cvar = "Sound_EnableMusic";
						BlizzardOptionsPanel_RegisterControl(self, self:GetParent());
					</OnLoad>
				</Scripts>
			</CheckButton>	
			<CheckButton name="$parentLoopMusic" inherits="AudioOptionsSmallCheckButtonTemplate">
				<Anchors>
					<Anchor point="TOPLEFT" relativeTo="$parentMusic" relativePoint="BOTTOMLEFT">
						<Offset x="8" y="4"/>
					</Anchor>
				</Anchors>
				<Scripts>
					<OnLoad>
						self.type = CONTROLTYPE_CHECKBOX;
						self.cvar = "Sound_ZoneMusicNoDelay";
						BlizzardOptionsPanel_RegisterControl(self, self:GetParent());
						BlizzardOptionsPanel_SetupDependentControl(AudioOptionsSoundPanelMusic, self);
					</OnLoad>
				</Scripts>
			</CheckButton>				
			<CheckButton name="$parentAmbientSounds" inherits="AudioOptionsSmallCheckButtonTemplate">
				<Anchors>
					<Anchor point="TOPLEFT" relativeTo="$parentLoopMusic" relativePoint="BOTTOMLEFT">
						<Offset x="-8" y="2"/>
					</Anchor>
				</Anchors>
				<Scripts>
					<OnLoad>
						self.type = CONTROLTYPE_CHECKBOX;
						self.cvar = "Sound_EnableAmbience";
						BlizzardOptionsPanel_RegisterControl(self, self:GetParent());
					</OnLoad>
				</Scripts>
			</CheckButton>			
			<CheckButton name="$parentSoundInBG" inherits="AudioOptionsSmallCheckButtonTemplate">
				<Anchors>
					<Anchor point="TOPLEFT" relativeTo="$parentAmbientSounds" relativePoint="BOTTOMLEFT">
						<Offset x="0" y="2"/>
					</Anchor>
				</Anchors>
				<Scripts>
					<OnLoad>
						self.type = CONTROLTYPE_CHECKBOX;
						self.cvar = "Sound_EnableSoundWhenGameIsInBG";
						BlizzardOptionsPanel_RegisterControl(self, self:GetParent());
					</OnLoad>
				</Scripts>
			</CheckButton>				
			<CheckButton name="$parentReverb" inherits="AudioOptionsSmallCheckButtonTemplate">
				<Anchors>
					<Anchor point="TOPLEFT" relativeTo="$parentSoundInBG" relativePoint="BOTTOMLEFT">
						<Offset x="0" y="2"/>
					</Anchor>
				</Anchors>
				<Scripts>
					<OnLoad>
						self.type = CONTROLTYPE_CHECKBOX;
						self.cvar = "Sound_EnableReverb";
						self.restart = true;
						BlizzardOptionsPanel_RegisterControl(self, self:GetParent());
					</OnLoad>
				</Scripts>
			</CheckButton>	
			<CheckButton name="$parentHRTF" inherits="AudioOptionsSmallCheckButtonTemplate">
				<Anchors>
					<Anchor point="TOPLEFT" relativeTo="$parentReverb" relativePoint="BOTTOMLEFT">
						<Offset x="0" y="2"/>
					</Anchor>
				</Anchors>
				<Scripts>
					<OnLoad>
						self.type = CONTROLTYPE_CHECKBOX;
						self.cvar = "Sound_EnableSoftwareHRTF";
						self.restart = true;
						BlizzardOptionsPanel_RegisterControl(self, self:GetParent());
					</OnLoad>
				</Scripts>
			</CheckButton>				
			<CheckButton name="$parentEnableDSPs" inherits="AudioOptionsSmallCheckButtonTemplate">
				<Anchors>
					<Anchor point="TOPLEFT" relativeTo="$parentHRTF" relativePoint="BOTTOMLEFT">
						<Offset x="0" y="2"/>
					</Anchor>
				</Anchors>
				<Scripts>
					<OnLoad>
						self.type = CONTROLTYPE_CHECKBOX;
						self.cvar = "Sound_EnableDSPEffects";
						self.restart = true;
						BlizzardOptionsPanel_RegisterControl(self, self:GetParent());
					</OnLoad>
				</Scripts>
			</CheckButton>
			<Slider name="$parentSoundQuality" inherits="OptionsSliderTemplate">
				<Size x="156" y="17"/>
				<Anchors>
					<Anchor point="TOPLEFT" relativeTo="$parentEnableDSPs" relativePoint="BOTTOMLEFT">
						<Offset>
							<AbsDimension x="8" y="-14"/>
						</Offset>
					</Anchor>
				</Anchors>
				<Scripts>
					<OnLoad>
						self.type = CONTROLTYPE_SLIDER;
						self.cvar = "Sound_OutputQuality";
						self.restart = true;
						_G[self:GetName().."Text"]:SetFontObject("GameFontNormalSmall");
						BlizzardOptionsPanel_RegisterControl(self, self:GetParent());
					</OnLoad>
					<OnValueChanged>
						local prevValue = self.value;
						self.value = value;
						BlizzardOptionsPanel_SetCVarSafe(self.cvar, value);
						if (self:GetParent():IsShown() and self.restart and prevValue and prevValue ~= value) then
							AudioOptionsFrame_AudioRestart();
						end
					</OnValueChanged>
				</Scripts>	
			</Slider>
			<Frame name="$parentHardware" inherits="OptionsBoxTemplate">
				<Size x="186" y="136"/>
				<Anchors>
					<Anchor point="TOPLEFT" relativeTo="$parentPlayback" relativePoint="TOPRIGHT">
						<Offset x="8" y="0"/>
					</Anchor>
				</Anchors>
				<Scripts>
					<OnLoad>
						self:SetBackdropBorderColor(0.4, 0.4, 0.4);
						self:SetBackdropColor(0.15, 0.15, 0.15);
						_G[self:GetName().."Title"]:SetText(HARDWARE);
					</OnLoad>
				</Scripts>
			</Frame>		
			<Frame name="$parentHardwareDropDown" inherits="UIDropDownMenuTemplate" id="4">
				<Anchors>
					<Anchor point="TOPLEFT" relativeTo="$parentHardware" relativePoint="TOPLEFT">
						<Offset x="-6" y="-24"/>
					</Anchor>
				</Anchors>
				<Layers>
					<Layer level="BACKGROUND">
						<FontString name="$parentLabel" inherits="GameFontNormalSmall" text="GAME_SOUND_OUTPUT">
							<Anchors>
								<Anchor point="BOTTOM" relativePoint="TOP">
									<Offset>
										<AbsDimension x="0" y="5"/>
									</Offset>
								</Anchor>
							</Anchors>
						</FontString>
					</Layer>
				</Layers>
				<Scripts>
					<OnLoad>
						self.type = CONTROLTYPE_DROPDOWN;
						BlizzardOptionsPanel_RegisterControl(self, self:GetParent());
						AudioOptionsSoundPanelHardwareDropDown_OnLoad(self);
					</OnLoad>
					<OnEnter>
						GameTooltip:SetOwner(self, "ANCHOR_TOPRIGHT");
						GameTooltip:SetText(OPTION_TOOLTIP_SOUND_OUTPUT, nil, nil, nil, nil, 1);
						GameTooltip:Show();
					</OnEnter>
					<OnLeave>
						GameTooltip:Hide();
					</OnLeave>
				</Scripts>
			</Frame>
			<Slider name="$parentSoundChannels" inherits="OptionsSliderTemplate">
				<Size x="138" y="17"/>
				<Anchors>
					<Anchor point="TOPLEFT" relativeTo="$parentHardwareDropDown" relativePoint="BOTTOMLEFT">
						<Offset>
							<AbsDimension x="24" y="-12"/>
						</Offset>
					</Anchor>
				</Anchors>
				<Scripts>
					<OnLoad>
						self.type = CONTROLTYPE_SLIDER;
						self.cvar = "Sound_NumChannels";
						self.restart = true;
						_G[self:GetName().."Text"]:SetFontObject("GameFontNormalSmall");
						BlizzardOptionsPanel_RegisterControl(self, self:GetParent());
					</OnLoad>
					<OnValueChanged>
						local prevValue = self.value;
						self.value = value;
						BlizzardOptionsPanel_SetCVarSafe(self.cvar, value);
						if (self:GetParent():IsShown() and self.restart and prevValue and prevValue ~= value) then
							AudioOptionsFrame_AudioRestart();
						end
					</OnValueChanged>
				</Scripts>	
			</Slider>			
			<CheckButton name="$parentUseHardware" inherits="AudioOptionsSmallCheckButtonTemplate">
				<Anchors>
					<Anchor point="TOPLEFT" relativeTo="$parentSoundChannels" relativePoint="BOTTOMLEFT">
						<Offset x="-4" y="-16"/>
					</Anchor>
				</Anchors>
				<Scripts>
					<OnLoad>
						self.type = CONTROLTYPE_CHECKBOX;
						self.cvar = "Sound_EnableHardware";
						self.restart = true;
						BlizzardOptionsPanel_RegisterControl(self, self:GetParent());
					</OnLoad>
				</Scripts>
			</CheckButton>
			<Frame name="$parentVolume" inherits="OptionsBoxTemplate">
				<Size x="186" y="144"/>
				<Anchors>
					<Anchor point="TOPLEFT" relativeTo="$parentHardware" relativePoint="BOTTOMLEFT">
						<Offset x="0" y="-16"/>
					</Anchor>
				</Anchors>
				<Scripts>
					<OnLoad>
						self:SetBackdropBorderColor(0.4, 0.4, 0.4);
						self:SetBackdropColor(0.15, 0.15, 0.15);
						_G[self:GetName().."Title"]:SetText(VOLUME);
					</OnLoad>
				</Scripts>
			</Frame>			
			<Slider name="$parentMasterVolume" inherits="OptionsSliderTemplate">
				<Size x="118" y="17"/>
				<Anchors>
					<Anchor point="TOPLEFT" relativeTo="$parentVolume">
						<Offset>
							<AbsDimension x="15" y="-27"/>
						</Offset>
					</Anchor>
				</Anchors>
				<Layers>
					<Layer level="ARTWORK">
						<FontString name="$parentLabel" inherits="GameFontNormalSmall">
							<Anchors>
								<Anchor point="LEFT" relativePoint="RIGHT">
									<Offset>
										<AbsDimension x="2" y="1"/>
									</Offset>
								</Anchor>
							</Anchors>
						</FontString>
					</Layer>
				</Layers>
				<Scripts>
					<OnLoad>
						local name = self:GetName();
						_G[name.."Low"]:Hide();
						_G[name.."High"]:Hide();
						self.label = _G[name .. "Label"];
						self.type = CONTROLTYPE_SLIDER;
						self.cvar = "Sound_MasterVolume";
						_G[name.."Text"]:SetFontObject("GameFontNormalSmall");
						_G[name.."Text"]:SetPoint("BOTTOM", self, "TOP", 0, 4);
						BlizzardOptionsPanel_RegisterControl(self, self:GetParent());
					</OnLoad>
					<OnValueChanged>
						self.value = value;
						BlizzardOptionsPanel_SetCVarSafe(self.cvar, value);
						self.label:SetText(tostring(ceil(value * 100)).."%");
					</OnValueChanged>
				</Scripts>	
			</Slider>	
			<Slider name="$parentSoundVolume" inherits="OptionsSliderTemplate">
				<Size x="100" y="17"/>
				<Anchors>
					<Anchor point="TOPRIGHT" relativeTo="$parentVolume" relativePoint="TOPRIGHT">
						<Offset>
							<AbsDimension x="-12" y="-60"/>
						</Offset>
					</Anchor>
				</Anchors>
				<Layers>
					<Layer level="ARTWORK">
						<FontString name="$parentLabel" inherits="GameFontNormalSmallLeft" text="SOUND_VOLUME">
							<Size x="64" y="14"/>
							<Anchors>
								<Anchor point="RIGHT" relativePoint="LEFT">
									<Offset>
										<AbsDimension x="-4" y="1"/>
									</Offset>
								</Anchor>
							</Anchors>
						</FontString>
					</Layer>
				</Layers>
				<Scripts>
					<OnLoad>
						local name = self:GetName();
						local label = _G[name.."Low"];
						label:ClearAllPoints();
						label:SetPoint("BOTTOMLEFT", "$parent", "TOPLEFT", -2, 4);
						label = _G[name.."High"];
						label:ClearAllPoints();
						label:SetPoint("BOTTOMRIGHT", "$parent", "TOPRIGHT", 4, 4);
						_G[name.."Text"]:Hide();
						self.type = CONTROLTYPE_SLIDER;
						self.cvar = "Sound_SFXVolume";
						BlizzardOptionsPanel_RegisterControl(self, self:GetParent());
					</OnLoad>
					<OnValueChanged>
						self.value = value;
						BlizzardOptionsPanel_SetCVarSafe(self.cvar, value);
					</OnValueChanged>
				</Scripts>	
			</Slider>				
			<Slider name="$parentMusicVolume" inherits="OptionsSliderTemplate">
				<Size x="100" y="17"/>
				<Anchors>
					<Anchor point="TOPRIGHT" relativeTo="$parentSoundVolume" relativePoint="BOTTOMRIGHT">
						<Offset>
							<AbsDimension x="0" y="-10"/>
						</Offset>
					</Anchor>
				</Anchors>
				<Layers>
					<Layer level="ARTWORK">
						<FontString name="$parentLabel" inherits="GameFontNormalSmallLeft" text="MUSIC_VOLUME">
							<Size x="64" y="14"/>
							<Anchors>
								<Anchor point="RIGHT" relativePoint="LEFT">
									<Offset>
										<AbsDimension x="-4" y="1"/>
									</Offset>
								</Anchor>
							</Anchors>
						</FontString>
					</Layer>
				</Layers>
				<Scripts>
					<OnLoad>
						local name = self:GetName();
						_G[name.."Low"]:Hide()
						_G[name.."High"]:Hide();
						_G[name.."Text"]:Hide();
						self.type = CONTROLTYPE_SLIDER;
						self.cvar = "Sound_MusicVolume";
						BlizzardOptionsPanel_RegisterControl(self, self:GetParent());
					</OnLoad>
					<OnValueChanged>
						self.value = value;
						BlizzardOptionsPanel_SetCVarSafe(self.cvar, value);
					</OnValueChanged>
				</Scripts>	
			</Slider>
			<Slider name="$parentAmbienceVolume" inherits="OptionsSliderTemplate">
				<Size x="100" y="17"/>
				<Anchors>
					<Anchor point="TOPRIGHT" relativeTo="$parentMusicVolume" relativePoint="BOTTOMRIGHT">
						<Offset>
							<AbsDimension x="0" y="-10"/>
						</Offset>
					</Anchor>
				</Anchors>
				<Layers>
					<Layer level="ARTWORK">
						<FontString name="$parentLabel" inherits="GameFontNormalSmallLeft" text="AMBIENCE_VOLUME">
							<Size x="64" y="14"/>
							<Anchors>
								<Anchor point="RIGHT" relativePoint="LEFT">
									<Offset>
										<AbsDimension x="-4" y="1"/>
									</Offset>
								</Anchor>
							</Anchors>
						</FontString>
					</Layer>
				</Layers>
				<Scripts>
					<OnLoad>
						local name = self:GetName();
						_G[name.."Low"]:Hide();
						_G[name.."High"]:Hide();
						_G[name.."Text"]:Hide();
						self.type = CONTROLTYPE_SLIDER;
						self.cvar = "Sound_AmbienceVolume";
						BlizzardOptionsPanel_RegisterControl(self, self:GetParent());
					</OnLoad>
					<OnValueChanged>
						self.value = value;
						BlizzardOptionsPanel_SetCVarSafe(self.cvar, value);
					</OnValueChanged>
				</Scripts>
			</Slider>
		</Frames>
		<Scripts>
			<OnLoad>
				AudioOptionsSoundPanel_OnLoad(self);
			</OnLoad>
		</Scripts>
	</Frame>

	<!-- Voice Panel -->

	<Frame name="AudioOptionsVoicePanel" hidden="false" parent="AudioOptionsFramePanelContainer">
		<Layers>
			<Layer level="ARTWORK">
				<FontString name="$parentTitle" text="VOICE_LABEL" inherits="GameFontNormalLargeLeftTop">
					<Anchors>
						<Anchor point="TOPLEFT">
							<Offset>
								<AbsDimension x="16" y="-16"/>
							</Offset>
						</Anchor>
					</Anchors>
				</FontString>
				<FontString name="$parentSubText" text="VOICE_SUBTEXT" inherits="GameFontHighlightSmallLeftTop" nonspacewrap="true" maxLines="3">
					<Size>
						<AbsDimension y="32" x="0"/>
					</Size>
					<Anchors>
						<Anchor point="TOPLEFT" relativeTo="$parentTitle" relativePoint="BOTTOMLEFT">
							<Offset>
								<AbsDimension x="0" y="-8"/>
							</Offset>
						</Anchor>
						<Anchor point="RIGHT">
							<Offset>
								<AbsDimension x="-32" y="0"/>
							</Offset>
						</Anchor>
					</Anchors>
				</FontString>
			</Layer>
		</Layers>
		<Frames>
			<Frame name="$parentDisabledMessage" hidden="true">
				<Size x="1" y="24"/>
				<Anchors>
					<Anchor point="TOP">
						<Offset x="0" y="-72"/>
					</Anchor>
				</Anchors>
				<Layers>
					<Layer level="ARTWORK">
						<FontString name="$parentText" inherits="GameFontNormal" text="VOICECHAT_DISABLED"/>
					</Layer>
				</Layers>
				<Scripts>
					<OnLoad>
						self:SetWidth(_G[self:GetName().."Text"]:GetWidth());
					</OnLoad>
					<OnEnter>
						GameTooltip:SetOwner(self, "ANCHOR_RIGHT");
						GameTooltip:SetText(VOICECHAT_DISABLED_TEXT, nil, nil, nil, nil, 1);
					</OnEnter>
					<OnLeave>
						GameTooltip:Hide();
					</OnLeave>
				</Scripts>
			</Frame>			
			<CheckButton name="$parentEnableVoice" inherits="AudioOptionsCheckButtonTemplate">
				<Anchors>
					<Anchor point="TOP">
						<Offset x="-64" y="-72"/>
					</Anchor>
				</Anchors>
				<Scripts>
					<OnLoad>
						self.type = CONTROLTYPE_CHECKBOX;
						self.cvar = "EnableVoiceChat";
						self.setFunc = AudioOptionsVoicePanelEnableVoice_UpdateControls;
						BlizzardOptionsPanel_RegisterControl(self, self:GetParent());
					</OnLoad>
				</Scripts>
			</CheckButton>
			<Frame name="$parentTalking" inherits="OptionsBoxTemplate">
				<Size x="186" y="150"/>
				<Anchors>
					<Anchor point="TOPLEFT">
						<Offset x="16" y="-116"/>
					</Anchor>
				</Anchors>
				<Scripts>
					<OnLoad>
						self:SetBackdropBorderColor(0.4, 0.4, 0.4);
						self:SetBackdropColor(0.15, 0.15, 0.15);
						_G[self:GetName().."Title"]:SetText(VOICE_TALKING);
					</OnLoad>				
				</Scripts>
			</Frame>
			<CheckButton name="$parentEnableMicrophone" inherits="AudioOptionsCheckButtonTemplate">
				<Anchors>
					<Anchor point="TOPLEFT" relativeTo="$parentTalking">
						<Offset x="10" y="-5"/>
					</Anchor>
				</Anchors>
				<Scripts>
					<OnLoad>
						self.type = CONTROLTYPE_CHECKBOX;
						self.cvar = "EnableMicrophone";
						self.setFunc = AudioOptionsVoicePanelEnableMicrophone_UpdateControls;
						BlizzardOptionsPanel_RegisterControl(self, self:GetParent());
					</OnLoad>
				</Scripts>
			</CheckButton>
			<Frame name="$parentInputDeviceDropDown" inherits="UIDropDownMenuTemplate" enableMouse="true">
				<Anchors>
					<Anchor point="TOPLEFT" relativeTo="$parentEnableMicrophone" relativePoint="BOTTOMLEFT">
						<Offset>
							<AbsDimension x="-15" y="0"/>
						</Offset>
					</Anchor>
				</Anchors>
				<Scripts>
					<OnLoad>
						self.type = CONTROLTYPE_DROPDOWN;
						BlizzardOptionsPanel_RegisterControl(self, self:GetParent());						
						AudioOptionsVoicePanelInputDeviceDropDown_OnLoad(self);
					</OnLoad>
					<OnEnter>
						if ( UIDropDownMenu_IsEnabled(self) ) then
							GameTooltip:SetOwner(self, "ANCHOR_TOPRIGHT");
							GameTooltip:SetText(OPTION_TOOLTIP_VOICE_INPUT, nil, nil, nil, nil, 1);
							GameTooltip:Show();
						end
					</OnEnter>
					<OnLeave>
						GameTooltip:Hide();
					</OnLeave>
				</Scripts>
			</Frame>			
			<Slider name="$parentMicrophoneVolume" inherits="OptionsSliderTemplate">
				<Size x="132" y="17"/>
				<Anchors>
					<Anchor point="TOPLEFT" relativeTo="$parentInputDeviceDropDown" relativePoint="BOTTOMLEFT">
						<Offset>
							<AbsDimension x="15" y="-20"/>
						</Offset>
					</Anchor>
				</Anchors>
				<Layers>
					<Layer level="ARTWORK">
						<FontString name="$parentLabel" inherits="GameFontNormalSmall">
							<Anchors>
								<Anchor point="LEFT" relativePoint="RIGHT">
									<Offset>
										<AbsDimension x="2" y="1"/>
									</Offset>
								</Anchor>
							</Anchors>
						</FontString>
					</Layer>
				</Layers>
				<Scripts>
					<OnLoad>
						local name = self:GetName();
						local label = _G[name.."Low"];
						label:Hide();
						label = _G[name.."High"];
						label:Hide();
						self.label = _G[name.."Label"];
						self.type = CONTROLTYPE_SLIDER;
						self.cvar = "OutboundChatVolume";
						BlizzardOptionsPanel_RegisterControl(self, self:GetParent());
					</OnLoad>
					<OnValueChanged>
						self.value = value;
						BlizzardOptionsPanel_SetCVarSafe(self.cvar, value);
						local min, max = self:GetMinMaxValues();
						value, max = (value - min), (max - min);
						self.label:SetText(tostring(ceil((value/max) * 100)).."%");
					</OnValueChanged>				
				</Scripts>
			</Slider>
			<Frame name="$parentMicTest">
				<Size>
					<AbsDimension x="180" y="55"/>
				</Size>
				<Anchors>
					<Anchor point="TOPLEFT" relativeTo="$parentMicrophoneVolume" relativePoint="BOTTOMLEFT">
						<Offset x="-12" y="6"/>
					</Anchor>
				</Anchors>
				<Layers>
					<Layer level="BACKGROUND">
						<FontString name="$parentText" inherits="GameFontNormalSmall" text="VOICE_MICROPHONE_TEST">
							<Anchors>
								<Anchor point="TOP">
									<Offset x="0" y="-10"/>
								</Anchor>
							</Anchors>
						</FontString>
					</Layer>
				</Layers>
				<Frames>
					<Button name="RecordLoopbackSoundButton" inherits="OptionsButtonTemplate">
						<Size x="26" y="21"/>
						<Anchors>
							<Anchor point="TOPLEFT">
								<Offset x="12" y="-24"/>
							</Anchor>
						</Anchors>
						<Layers>
							<Layer level="OVERLAY">
								<Texture name="$parentTexture" file="Interface\OptionsFrame\VoiceChat-Record">
									<Size>
										<AbsDimension x="10" y="10"/>
									</Size>
									<Anchors>
										<Anchor point="CENTER">
											<Offset>
												<AbsDimension x="0" y="0"/>
											</Offset>
										</Anchor>
									</Anchors>
								</Texture>
							</Layer>
						</Layers>
						<Scripts>
							<OnLoad>
								RecordLoopbackSoundButtonTexture:SetVertexColor(1, 0, 0);													
							</OnLoad>
							<OnEnter>
								GameTooltip:SetOwner(self, "ANCHOR_RIGHT");
								GameTooltip:SetText(VOICE_MIC_TEST_RECORD, nil, nil, nil, nil, 1);
								_G[self:GetName().."Texture"]:SetVertexColor(1, 1, 1);
							</OnEnter>
							<OnLeave>
								GameTooltip:Hide();
							</OnLeave>
							<OnClick>
								_G[self:GetName().."Texture"]:SetVertexColor(0.5, 0.5, 0.5);								
								PlaySound("gsTitleOptionExit");
								VoiceChat_RecordLoopbackSound(5);
								self.clicked = 1;
							</OnClick>
							<OnUpdate>
								RecordLoopbackSoundButton_OnUpdate(self, elapsed);
							</OnUpdate>
							<OnLeave>
								_G[self:GetName().."Texture"]:SetVertexColor(1, 0, 0);
								GameTooltip:Hide();
							</OnLeave>
						</Scripts>
					</Button>
					<Button name="PlayLoopbackSoundButton" inherits="OptionsButtonTemplate">
						<Size x="26" y="21"/>
						<Anchors>
							<Anchor point="LEFT" relativePoint="RIGHT" relativeTo="RecordLoopbackSoundButton">
								<Offset x="3" y="0"/>
							</Anchor>
						</Anchors>
						<Layers>
							<Layer level="OVERLAY">
								<Texture name="$parentTexture" file="Interface\OptionsFrame\VoiceChat-Play">
									<Size>
										<AbsDimension x="10" y="10"/>
									</Size>
									<Anchors>
										<Anchor point="CENTER">
											<Offset>
												<AbsDimension x="0" y="0"/>
											</Offset>
										</Anchor>
									</Anchors>
								</Texture>
							</Layer>
						</Layers>
						<Scripts>
							<OnLoad>
								_G[self:GetName().."Texture"]:SetVertexColor(NORMAL_FONT_COLOR.r , NORMAL_FONT_COLOR.g , NORMAL_FONT_COLOR.b);
							</OnLoad>
							<OnEnter>
								GameTooltip:SetOwner(self, "ANCHOR_RIGHT");
								GameTooltip:SetText(VOICE_MIC_TEST_PLAY, nil, nil, nil, nil, 1);
								_G[self:GetName().."Texture"]:SetVertexColor(1, 1, 1);
							</OnEnter>
							<OnClick>
								PlaySound("gsTitleOptionExit");
								VoiceChat_StopRecordingLoopbackSound();
								VoiceChat_PlayLoopbackSound();
							</OnClick>
							<OnLeave>
								_G[self:GetName().."Texture"]:SetVertexColor(NORMAL_FONT_COLOR.r , NORMAL_FONT_COLOR.g , NORMAL_FONT_COLOR.b);
								GameTooltip:Hide();
							</OnLeave>
						</Scripts>
					</Button>
					<Frame inherits="OptionsBoxTemplate">
						<Size x="100" y="25"/>
						<Anchors>
							<Anchor point="LEFT" relativeTo="PlayLoopbackSoundButton" relativePoint="RIGHT">
								<Offset x="3" y="0"/>
							</Anchor>
						</Anchors>
						<Scripts>
							<OnLoad>
								self:SetBackdropBorderColor(0.4, 0.4, 0.4);
								self:SetBackdropColor(0.15, 0.15, 0.15, 0.5);
							</OnLoad>
						</Scripts>
						<Frames>
						  <!-- Loopback VU Meter -->
							<StatusBar name="LoopbackVUMeter" drawLayer="BACKGROUND" inherits="TextStatusBar" enableMouse="false">
								<Anchors>
									<Anchor point="TOPLEFT">
										<Offset x="6" y="-6"/>
									</Anchor>
									<Anchor point="BOTTOMRIGHT">
										<Offset x="0" y="6"/>
									</Anchor>
								</Anchors>
								<Scripts>
									<OnLoad>
										LoopbackVUMeter_OnLoad(self);
									</OnLoad>
									<OnUpdate>
										LoopbackVUMeter_OnUpdate(self, elapsed);
									</OnUpdate>
								</Scripts>
								<BarTexture file="Interface\TargetingFrame\UI-StatusBar"/>
							</StatusBar>
						</Frames>
					</Frame>
				</Frames>
			</Frame>			
			<Frame name="$parentBinding" inherits="OptionsBoxTemplate">
				<Size x="186" y="138"/>
				<Anchors>
					<Anchor point="TOPLEFT" relativeTo="$parentTalking" relativePoint="BOTTOMLEFT">
						<Offset x="0" y="-8"/>
					</Anchor>
				</Anchors>
			</Frame>
			<Frame name="$parentChatModeDropDown" inherits="UIDropDownMenuTemplate" enableMouse="true">
				<Anchors>
					<Anchor point="TOPLEFT" relativeTo="$parentBinding">
						<Offset>
							<AbsDimension x="-5" y="-25"/>
						</Offset>
					</Anchor>
				</Anchors>
				<Layers>
					<Layer level="BACKGROUND">
						<FontString name="$parentLabel" inherits="GameFontNormalSmall" text="VOICE_CHAT_MODE">
							<Anchors>
								<Anchor point="BOTTOM" relativePoint="TOP">
									<Offset>
										<AbsDimension x="0" y="5"/>
									</Offset>
								</Anchor>
							</Anchors>
						</FontString>
					</Layer>
				</Layers>
				<Scripts>
					<OnLoad>
						self.type = CONTROLTYPE_DROPDOWN;
						BlizzardOptionsPanel_RegisterControl(self, self:GetParent());						
						AudioOptionsVoicePanelChatModeDropDown_OnLoad(self);
					</OnLoad>
					<OnEnter>
						if ( UIDropDownMenu_IsEnabled(self) and self.tooltip ) then
							GameTooltip:SetOwner(self, "ANCHOR_RIGHT");
							GameTooltip:SetText(self.tooltip, nil, nil, nil, nil, 1);
							GameTooltip:Show();
						end
					</OnEnter>
					<OnLeave>
						GameTooltip:Hide();
					</OnLeave>
				</Scripts>
			</Frame>
			<!-- Key Binding Selection -->
			<Frame name="$parentChatMode1">
				<Size>
					<AbsDimension x="160" y="50"/>
				</Size>
				<Anchors>
					<Anchor point="TOP" relativeTo="$parentChatModeDropDown" relativePoint="BOTTOM">
						<Offset>
							<AbsDimension x="0" y="2"/>
						</Offset>
					</Anchor>
				</Anchors>
				<Layers>
					<Layer level="BACKGROUND">
						<FontString name="$parentLabel" inherits="GameFontNormalSmall" text="KEY_BINDING">
							<Anchors>
								<Anchor point="TOP"/>
							</Anchors>
						</FontString>
					</Layer>
				</Layers>
				<Frames>			
					<Button name="$parentKeyBindingButton" inherits="OptionsButtonTemplate">
						<Size x="155" y="21"/>
						<Anchors>
							<Anchor point="TOP" relativeTo="$parentLabel" relativePoint="BOTTOM">
								<Offset x="0" y="-3"/>
							</Anchor>
						</Anchors>
						<Layers>
							<Layer level="BORDER">
								<FontString name="$parentHiddenText" inherits="GameFontNormal" hidden="true">
									<Size>
										<AbsDimension x="0" y="13"/>
									</Size>
									<Anchors>
										<Anchor point="TOPLEFT"/>
									</Anchors>
								</FontString>
							</Layer>
						</Layers>
						<Scripts>
							<OnLoad>
								self:RegisterForClicks("AnyUp");
								self:SetScript("OnKeyUp", nil);
								self:SetScript("OnKeyDown", nil);
							</OnLoad>
							<OnEnter>
								AudioOptionsVoicePanelKeyBindingButton_OnEnter(self);
							</OnEnter>
							<OnLeave>
								GameTooltip:Hide();
							</OnLeave>
							<OnClick>
								AudioOptionsVoicePanelKeyBindingButton_OnClick(self, button);
							</OnClick>
							<OnKeyUp>
								AudioOptionsVoicePanelKeyBindingButton_OnKeyUp(self, button)
							</OnKeyUp>
							<OnKeyDown>
								AudioOptionsVoicePanelKeyBindingButton_OnKeyDown(self, button)
							</OnKeyDown>
						</Scripts>
					</Button>
					<CheckButton name="AudioOptionsVoicePanelPushToTalkSound" inherits="AudioOptionsCheckButtonTemplate">
						<Anchors>
							<Anchor point="TOPLEFT">
								<Offset x="0" y="-46"/>
							</Anchor>
						</Anchors>
						<Scripts>
							<OnLoad>
								self.type = CONTROLTYPE_CHECKBOX;
								self.cvar = "PushToTalkSound";
								BlizzardOptionsPanel_RegisterControl(self, self:GetParent():GetParent());
							</OnLoad>
						</Scripts>
					</CheckButton>
					<Frame name="AudioOptionsVoicePanelBindingOutput">
						<Size x="160" y="50"/>
						<Anchors>
							<Anchor point="TOP">
								<Offset x="-1" y="-36"/>
							</Anchor>
						</Anchors>
						<Layers>
							<Layer level="BACKGROUND">
								<FontString name="AudioOptionsVoicePanelBindingOutputText" inherits="GameFontHighlightSmall" justifyH="LEFT">
									<Anchors>
										<Anchor point="TOP"/>
									</Anchors>
								</FontString>
							</Layer>
						</Layers>
						<Scripts>
							<OnUpdate>
								AudioOptionsVoicePanelBindingOutput_OnUpdate(self, elapsed);
							</OnUpdate>
						</Scripts>
					</Frame>					
				</Frames>
			</Frame>
			<!-- Voice Activation Threshold -->
			<Frame name="$parentChatMode2" hidden="true">
				<Size>
					<AbsDimension x="160" y="50"/>
				</Size>
				<Anchors>
					<Anchor point="TOPLEFT" relativeTo="$parentChatModeDropDown" relativePoint="BOTTOMLEFT">
						<Offset x="20" y="-15"/>
					</Anchor>
				</Anchors>
				<Frames>
					<Slider name="AudioOptionsVoicePanelVoiceActivateSlider" inherits="OptionsSliderTemplate">
						<Size x="132" y="17"/>
						<Anchors>
							<Anchor point="TOPLEFT">
								<Offset x="12" y="0"/>
							</Anchor>
						</Anchors>
						<Scripts>
							<OnLoad>
								self.type = CONTROLTYPE_SLIDER;
								self.cvar = "VoiceActivationSensitivity";
								BlizzardOptionsPanel_RegisterControl(self, self:GetParent():GetParent());
							</OnLoad>
							<OnValueChanged>
								self.value = value;
								BlizzardOptionsPanel_SetCVarSafe(self.cvar, value);
							</OnValueChanged>		
						</Scripts>
					</Slider>
				</Frames>
			</Frame>
			<Frame name="$parentListening" inherits="OptionsBoxTemplate">
				<Size x="186" y="296"/>
				<Anchors>
					<Anchor point="TOPLEFT" relativeTo="$parentTalking" relativePoint="TOPRIGHT">
						<Offset x="8" y="0"/>
					</Anchor>
				</Anchors>
				<Scripts>
					<OnLoad>
						self:SetBackdropBorderColor(0.4, 0.4, 0.4);
						self:SetBackdropColor(0.15, 0.15, 0.15);
						_G[self:GetName().."Title"]:SetText(VOICE_LISTENING);
					</OnLoad>
				</Scripts>
			</Frame>
			<Frame name="$parentOutputDeviceDropDown" inherits="UIDropDownMenuTemplate" enableMouse="true">
				<Anchors>
					<Anchor point="TOPLEFT" relativeTo="$parentListening">
						<Offset x="-5" y="-37"/>
					</Anchor>
				</Anchors>
				<Layers>
					<Layer level="BACKGROUND">
						<FontString name="$parentLabel" inherits="GameFontNormalSmall" text="VOICE_CHAT_OUTPUT_DEVICE">
							<Anchors>
								<Anchor point="BOTTOM" relativePoint="TOP">
									<Offset x="0" y="12"/>
								</Anchor>
							</Anchors>
						</FontString>
					</Layer>
				</Layers>
				<Scripts>
					<OnLoad>
						self.type = CONTROLTYPE_DROPDOWN;
						BlizzardOptionsPanel_RegisterControl(self, self:GetParent());						
						AudioOptionsVoicePanelOutputDeviceDropDown_OnLoad(self);
					</OnLoad>
					<OnEnter>
						if ( UIDropDownMenu_IsEnabled(self) ) then
							GameTooltip:SetOwner(self, "ANCHOR_RIGHT");
							GameTooltip:SetText(OPTION_TOOLTIP_VOICE_OUTPUT, nil, nil, nil, nil, 1);
							GameTooltip:Show();
						end
					</OnEnter>
					<OnLeave>
						GameTooltip:Hide();
					</OnLeave>
				</Scripts>
			</Frame>
			<Slider name="$parentSpeakerVolume" inherits="OptionsSliderTemplate">
				<Size x="132" y="17"/>
				<Anchors>
					<Anchor point="TOPLEFT" relativeTo="$parentOutputDeviceDropDown" relativePoint="BOTTOMLEFT">
						<Offset>
							<AbsDimension x="18" y="-20"/>
						</Offset>
					</Anchor>
				</Anchors>
				<Layers>
					<Layer level="ARTWORK">
						<FontString name="$parentLabel" inherits="GameFontNormalSmall">
							<Anchors>
								<Anchor point="LEFT" relativePoint="RIGHT">
									<Offset>
										<AbsDimension x="2" y="1"/>
									</Offset>
								</Anchor>
							</Anchors>
						</FontString>
					</Layer>
				</Layers>
				<Scripts>
					<OnLoad>
						local name = self:GetName();
						local label = _G[name.."Low"];
						label:Hide();
						label = _G[name.."High"];
						label:Hide();
						self.label = _G[name.."Label"];
						self.type = CONTROLTYPE_SLIDER;
						self.cvar = "InboundChatVolume";
						BlizzardOptionsPanel_RegisterControl(self, self:GetParent());
					</OnLoad>
					<OnValueChanged>
						self.value = value;
						BlizzardOptionsPanel_SetCVarSafe(self.cvar, value);
						local min, max = self:GetMinMaxValues();
						value, max = (value - min), (max - min);
						self.label:SetText(tostring(ceil((value/max) * 100)).."%");
					</OnValueChanged>						
				</Scripts>
			</Slider>		
			<Frame name="$parentAudio">
				<Size>
					<AbsDimension x="180" y="160"/>
				</Size>
				<Anchors>
					<Anchor point="TOP" relativeTo="$parentListening" relativePoint="TOP">
						<Offset>
							<AbsDimension x="0" y="-113"/>
						</Offset>
					</Anchor>
				</Anchors>
				<Layers>
					<Layer level="BACKGROUND">
						<FontString name="$parentLabel" inherits="GameFontNormalSmall" text="VOICE_GAME_DUCKING" justifyH="LEFT">
							<Size>
								<AbsDimension x="160" y="50"/>
							</Size>
							<Anchors>
								<Anchor point="TOPLEFT">
									<Offset>
										<AbsDimension x="15" y="10"/>
									</Offset>
								</Anchor>
							</Anchors>
						</FontString>
						<FontString name="$parentDescription" inherits="GameFontHighlightSmall" text="VOICE_CHAT_AUDIO_DUCKING" justifyH="LEFT">
							<Size>
								<AbsDimension x="160" y="50"/>
							</Size>
							<Anchors>
								<Anchor point="TOPLEFT">
									<Offset>
										<AbsDimension x="15" y="-18"/>
									</Offset>
								</Anchor>
							</Anchors>
						</FontString>
						<FontString name="$parentOff" inherits="GameFontHighlightSmall" text="OFF">
							<Anchors>
								<Anchor point="TOPLEFT">
									<Offset>
										<AbsDimension x="70" y="-80"/>
									</Offset>
								</Anchor>
							</Anchors>
						</FontString>
						<FontString name="$parentNormal" inherits="GameFontHighlightSmall" text="VOICE_CHAT_NORMAL">
							<Anchors>
								<Anchor point="TOPRIGHT">
									<Offset>
										<AbsDimension x="-10" y="-80"/>
									</Offset>
								</Anchor>
							</Anchors>
						</FontString>
					</Layer>
				</Layers>
			</Frame>
			<Slider name="$parentSoundFade" inherits="OptionsSliderTemplate">
				<Size x="100" y="17"/>
				<Anchors>
					<Anchor point="TOPLEFT" relativeTo="$parentAudio">
						<Offset>
							<AbsDimension x="70" y="-96"/>
						</Offset>
					</Anchor>
				</Anchors>
				<Layers>
					<Layer level="ARTWORK">
						<FontString name="$parentLabel" inherits="GameFontNormalSmallLeft" text="SOUND_VOLUME">
							<Size x="60" y="14"/>
							<Anchors>
								<Anchor point="RIGHT" relativePoint="LEFT">
									<Offset>
										<AbsDimension x="-4" y="1"/>
									</Offset>
								</Anchor>
							</Anchors>
						</FontString>
					</Layer>
				</Layers>
				<Scripts>
					<OnLoad>
						local name = self:GetName();
						local label = _G[name.."Low"];
						label:Hide();
						label = _G[name.."High"];
						label:Hide();
						self.label = _G[name.."Label"];
						self.type = CONTROLTYPE_SLIDER;
						self.cvar = "ChatSoundVolume";
						BlizzardOptionsPanel_RegisterControl(self, self:GetParent());					
					</OnLoad>
					<OnValueChanged>
						self.value = value;
						BlizzardOptionsPanel_SetCVarSafe(self.cvar, value);
					</OnValueChanged>
				</Scripts>
			</Slider>
			<Slider name="$parentMusicFade" inherits="OptionsSliderTemplate">
				<Size x="100" y="17"/>
				<Anchors>
					<Anchor point="TOPLEFT" relativeTo="$parentSoundFade" relativePoint="BOTTOMLEFT">
						<Offset>
							<AbsDimension x="0" y="-10"/>
						</Offset>
					</Anchor>
				</Anchors>
				<Layers>
					<Layer level="ARTWORK">
						<FontString name="$parentLabel" inherits="GameFontNormalSmallLeft" text="MUSIC_VOLUME">
							<Size x="60" y="14"/>
							<Anchors>
								<Anchor point="RIGHT" relativePoint="LEFT">
									<Offset>
										<AbsDimension x="-4" y="1"/>
									</Offset>
								</Anchor>
							</Anchors>
						</FontString>
					</Layer>
				</Layers>				
				<Scripts>
					<OnLoad>
						local name = self:GetName();
						local label = _G[name.."Low"];
						label:Hide();
						label = _G[name.."High"];
						label:Hide();
						self.label = _G[name.."Label"];
						self.type = CONTROLTYPE_SLIDER;
						self.cvar = "ChatMusicVolume";
						BlizzardOptionsPanel_RegisterControl(self, self:GetParent());					
					</OnLoad>
					<OnValueChanged>
						self.value = value;
						BlizzardOptionsPanel_SetCVarSafe(self.cvar, value);
					</OnValueChanged>
				</Scripts>
			</Slider>
			<Slider name="$parentAmbienceFade" inherits="OptionsSliderTemplate">
				<Size x="100" y="17"/>
				<Anchors>
					<Anchor point="TOPLEFT" relativeTo="$parentMusicFade"  relativePoint="BOTTOMLEFT">
						<Offset>
							<AbsDimension x="0" y="-10"/>
						</Offset>
					</Anchor>
				</Anchors>
				<Layers>
					<Layer level="ARTWORK">
						<FontString name="$parentLabel" inherits="GameFontNormalSmallLeft" text="AMBIENCE_VOLUME">
							<Size x="60" y="14"/>
							<Anchors>
								<Anchor point="RIGHT" relativePoint="LEFT">
									<Offset>
										<AbsDimension x="-4" y="1"/>
									</Offset>
								</Anchor>
							</Anchors>
						</FontString>
					</Layer>
				</Layers>				
				<Scripts>
					<OnLoad>
						local name = self:GetName();
						local label = _G[name.."Low"];
						label:Hide();
						label = _G[name.."High"];
						label:Hide();
						self.label = _G[name.."Label"];
						self.type = CONTROLTYPE_SLIDER;
						self.cvar = "ChatAmbienceVolume";
						BlizzardOptionsPanel_RegisterControl(self, self:GetParent());					
					</OnLoad>
					<OnValueChanged>
						self.value = value;
						BlizzardOptionsPanel_SetCVarSafe(self.cvar, value);
					</OnValueChanged>
				</Scripts>
			</Slider>
		</Frames>		
		<Scripts>
			<OnLoad>
				AudioOptionsVoicePanel_OnLoad(self);
			</OnLoad>
		</Scripts>
	</Frame>

</Ui>
