<Ui xmlns="http://www.blizzard.com/wow/ui/" xmlns:xsi="http://www.w3.org/2001/XMLSchema-instance" xsi:schemaLocation="http://www.blizzard.com/wow/ui/
..\FrameXML\UI.xsd">
	<Script>
		NORMAL_FONT_COLOR_CODE = "|cffffd200";
		HIGHLIGHT_FONT_COLOR_CODE = "|cffffffff";
		RED_FONT_COLOR_CODE = "|cffff2020";
		GREEN_FONT_COLOR_CODE = "|cff20ff20";
		GRAY_FONT_COLOR_CODE = "|cff808080";
		LIGHTYELLOW_FONT_COLOR_CODE = "|cffffff9a";
		FONT_COLOR_CODE_CLOSE = "|r";
		NORMAL_FONT_COLOR = {r=1.0, g=0.82, b=0};
		HIGHLIGHT_FONT_COLOR = {r=1.0, g=1.0, b=1.0};
		GRAY_FONT_COLOR = {r=0.5, g=0.5, b=0.5};
		GREEN_FONT_COLOR = {r=0.1, g=1.0, b=0.1};
		RED_FONT_COLOR = {r=1.0, g=0.1, b=0.1};
		PASSIVE_SPELL_FONT_COLOR = {r=0.77, g=0.64, b=0};
		CHAT_FONT_HEIGHTS = {
			[1] = 12,
			[2] = 14,
			[3] = 16,
			[4] = 18
		};
		MATERIAL_TEXT_COLOR_TABLE = {
			["Default"] = {0.18, 0.12, 0.06},
			["Stone"] = {1.0, 1.0, 1.0},
			["Parchment"] = {0.18, 0.12, 0.06},
			["Marble"] = {0, 0, 0},
			["Silver"] = {0.12, 0.12, 0.12},
			["Bronze"] = {0.18, 0.12, 0.06}
		};
		MATERIAL_TITLETEXT_COLOR_TABLE = {
			["Default"] = {0, 0, 0},
			["Stone"] = {0.93, 0.82, 0},
			["Parchment"] = {0, 0, 0},
			["Marble"] = {0.93, 0.82, 0},
			["Silver"] = {0.93, 0.82, 0},
			["Bronze"] = {0.93, 0.82, 0}
		};
		RAID_CLASS_COLORS = {
			["HUNTER"] = { r = 0.67, g = 0.83, b = 0.45 },
			["WARLOCK"] = { r = 0.58, g = 0.51, b = 0.79 },
			["PRIEST"] = { r = 1.0, g = 1.0, b = 1.0 },
			["PALADIN"] = { r = 0.96, g = 0.55, b = 0.73 },
			["MAGE"] = { r = 0.41, g = 0.8, b = 0.94 },
			["ROGUE"] = { r = 1.0, g = 0.96, b = 0.41 },
			["DRUID"] = { r = 1.0, g = 0.49, b = 0.04 },
			["SHAMAN"] = { r = 0.14, g = 0.35, b = 1.0 },
			["WARRIOR"] = { r = 0.78, g = 0.61, b = 0.43 },
			["DEATHKNIGHT"] = { r = 0.77, g = 0.12 , b = 0.23 },
		};
	</Script>
	<!-- This Fonts.xml is loaded before FontStyles.xml Set up Font objects to be localized in Fonts.xml not FontStyles.xml -->

	<Font name="GameFontNormal" inherits="SystemFont_Shadow_Med1" virtual="true">
		<Color r="1.0" g="0.82" b="0"/>
	</Font>
	<Font name="GameFontNormalLeft" inherits="GameFontNormal" justifyH="LEFT" virtual="true"/>
	<Font name="GameFontNormalLeftBottom" inherits="GameFontNormalLeft" justifyV="BOTTOM" virtual="true"/>
	<Font name="GameFontHighlight" inherits="GameFontNormal" virtual="true">
		<Color r="1.0" g="1.0" b="1.0"/>
	</Font>
	<Font name="GameFontNormalLeftGreen" inherits="GameFontNormalLeft" virtual="true">
		<Color r="0.0" g="1.0" b="0.0"/>
	</Font>
	<Font name="GameFontNormalLeftYellow" inherits="GameFontNormalLeft" virtual="true">
		<Color r="1.0" g="1.0" b="0.0"/>
	</Font>
	<Font name="GameFontNormalLeftOrange" inherits="GameFontNormalLeft" virtual="true">
		<Color r="1.0" g="0.5" b="0.25"/>
	</Font>
	<Font name="GameFontNormalLeftLightGreen" inherits="GameFontNormalLeft" virtual="true">
		<Color r="0.25" g=".75" b="0.25"/>
	</Font>
	<Font name="GameFontNormalLeftGrey" inherits="GameFontNormalLeft" virtual="true">
		<Color r="0.5" g="0.5" b="0.5"/>
	</Font>
	<Font name="GameFontNormalLeftRed" inherits="GameFontNormalLeft" virtual="true">
		<Color r="0.9" g="0.0" b="0.0"/>
	</Font>
	<Font name="GameFontHighlightLeft" inherits="GameFontHighlight" justifyH="LEFT" virtual="true"/>
	<Font name="GameFontHighlightCenter" inherits="GameFontHighlight" justifyH="CENTER" virtual="true"/>
	<Font name="GameFontHighlightRight" inherits="GameFontHighlight" justifyH="RIGHT" virtual="true"/>
	<Font name="GameFontDisable" inherits="GameFontNormal" virtual="true">
		<Color r="0.5" g="0.5" b="0.5"/>
	</Font>
	<Font name="GameFontDisableLeft" inherits="GameFontDisable" justifyH="LEFT" virtual="true"/>
	<Font name="GameFontGreen" inherits="GameFontNormal" virtual="true">
		<Color r="0.1" g="1.0" b="0.1"/>
	</Font>
	<Font name="GameFontRed" inherits="GameFontNormal" virtual="true">
		<Color r="1.0" g="0.1" b="0.1"/>
	</Font>
	<Font name="GameFontBlackSmall" inherits="SystemFont_Small" virtual="true">
		<Color r="0" g="0" b="0"/>
	</Font>
	<Font name="GameFontBlackTiny" inherits="SystemFont_Tiny" virtual="true">
		<Color r="0" g="0" b="0"/>
	</Font>
	<Font name="GameFontBlack" inherits="SystemFont_Med1" virtual="true">
		<Color r="0" g="0" b="0"/>
	</Font>
	<Font name="GameFontWhiteSmall" inherits="GameFontBlackSmall" virtual="true">
		<Color r="1.0" g="1.0" b="1.0"/>
	</Font>	
	<Font name="GameFontWhite" inherits="GameFontBlack" virtual="true">
		<Color r="1.0" g="1.0" b="1.0"/>
	</Font>
	<Font name="GameFontNormalSmall" inherits="SystemFont_Shadow_Small" virtual="true">
		<Color r="1.0" g="0.82" b="0"/>
	</Font>
	<Font name="GameFontNormalSmallLeft" inherits="GameFontNormalSmall" justifyH="LEFT" virtual="true"/>
	<Font name="GameFontHighlightSmall" inherits="GameFontNormalSmall" virtual="true">
		<Color r="1.0" g="1.0" b="1.0"/>
	</Font>
	<Font name="GameFontHighlightSmallLeft" inherits="GameFontHighlightSmall" justifyH="LEFT" virtual="true"/>
	<Font name="GameFontHighlightSmallLeftTop" inherits="GameFontHighlightSmallLeft" justifyV="TOP" virtual="true"/>
	<Font name="GameFontHighlightSmallRight" inherits="GameFontHighlightSmall" justifyH="RIGHT" virtual="true"/>
	<Font name="GameFontHighlightExtraSmall" inherits="GameFontHighlightSmall" virtual="true">
		<Color r="1.0" g="1.0" b="1.0"/>
	</Font>
	<Font name="GameFontHighlightExtraSmallLeft" inherits="GameFontHighlightExtraSmall" justifyH="LEFT" virtual="true"/>
	<Font name="GameFontHighlightExtraSmallLeftTop" inherits="GameFontHighlightExtraSmallLeft" justifyV="TOP" virtual="true"/>
	<Font name="GameFontDisableSmall" inherits="GameFontNormalSmall" virtual="true">
		<Color r="0.5" g="0.5" b="0.5"/>
	</Font>
	<Font name="GameFontDisableSmallLeft" inherits="GameFontDisableSmall" justifyH="LEFT" virtual="true"/>
	<Font name="GameFontDarkGraySmall" inherits="GameFontNormalSmall" virtual="true">
		<Color r="0.35" g="0.35" b="0.35"/>
	</Font>
	<Font name="GameFontGreenSmall" inherits="GameFontNormalSmall" virtual="true">
		<Color r="0.1" g="1.0" b="0.1"/>
	</Font>
	<Font name="GameFontRedSmall" inherits="GameFontNormalSmall" virtual="true">
		<Color r="1.0" g="0.1" b="0.1"/>
	</Font>
	<Font name="GameFontHighlightSmallOutline" inherits="GameFontHighlightSmall"  virtual="true"/>
	<Font name="GameFontHighlightMedium" inherits="SystemFont_Shadow_Med3" virtual="true">
		<Color r="1.0" g="1.0" b="1.0"/>
	</Font>
	<Font name="GameFontNormalLarge" inherits="SystemFont_Shadow_Large" virtual="true">
		<Color r="1.0" g="0.82" b="0"/>
	</Font>
	<Font name="GameFontNormalLargeLeft" inherits="GameFontNormalLarge" justifyH="LEFT" virtual="true"/>
	<Font name="GameFontNormalLargeLeftTop" inherits="GameFontNormalLargeLeft" justifyV="TOP" virtual="true"/>
	<Font name="GameFontHighlightLarge" inherits="GameFontNormalLarge" virtual="true">
		<Color r="1.0" g="1.0" b="1.0"/>
	</Font>
	<Font name="GameFontDisableLarge" inherits="GameFontNormalLarge" virtual="true">
		<Color r="0.5" g="0.5" b="0.5"/>
	</Font>
	<Font name="GameFontGreenLarge" inherits="GameFontNormalLarge" virtual="true">
		<Color r="0.1" g="1.0" b="0.1"/>
	</Font>
	<Font name="GameFontRedLarge" inherits="GameFontNormalLarge" virtual="true">
		<Color r="1.0" g="0.1" b="0.1"/>
	</Font>
	<Font name="GameFontNormalHuge" inherits="SystemFont_Shadow_Huge1" virtual="true">
		<Color r="1.0" g="0.82" b="0"/>
	</Font>
	
	<Font name="BossEmoteNormalHuge" inherits="SystemFont_Shadow_Huge3" virtual="true">
		<Color r="1.0" g="0.82" b="0"/>
	</Font>

	<Font name="NumberFontNormal" inherits="NumberFont_Outline_Med" virtual="true" >
		<Color r="1.0" g="1.0" b="1.0"/>
	</Font>
	<Font name="NumberFontNormalRight" inherits="NumberFontNormal" justifyH="RIGHT" virtual="true"/>
	<Font name="NumberFontNormalRightRed" inherits="NumberFontNormalRight" virtual="true" >
		<Color r="1.0" g="0.1" b="0.1"/>
	</Font>
	<Font name="NumberFontNormalRightYellow" inherits="NumberFontNormalRight" virtual="true" >
		<Color r="1.0" g="0.82" b="0"/>
	</Font>
	<Font name="NumberFontNormalYellow" inherits="NumberFontNormal" virtual="true" >
		<Color r="1.0" g="0.82" b="0"/>
	</Font>
	<Font name="NumberFontNormalSmall" inherits="NumberFont_OutlineThick_Mono_Small" virtual="true">
		<Color r="1.0" g="1.0" b="1.0"/>
	</Font>
	<Font name="NumberFontNormalSmallGray" inherits="NumberFontNormalSmall" virtual="true">
		<Color r="0.6" g="0.6" b="0.6"/>
	</Font>
	<Font name="NumberFontNormalLarge" inherits="NumberFont_Outline_Large" virtual="true">
		<Color r="1.0" g="1.0" b="1.0"/>
	</Font>
	<Font name="NumberFontNormalLargeRight" inherits="NumberFontNormalLarge" justifyH="RIGHT" virtual="true"/>
	<Font name="NumberFontNormalLargeRightRed" inherits="NumberFontNormalLargeRight" virtual="true" >
		<Color r="1.0" g="0.1" b="0.1"/>
	</Font>
	<Font name="NumberFontNormalLargeRightYellow" inherits="NumberFontNormalLargeRight" virtual="true" >
		<Color r="1.0" g="0.82" b="0.0"/>
	</Font>
	<Font name="NumberFontNormalLargeYellow" inherits="NumberFontNormalLarge" virtual="true">
		<Color r="1.0" g="0.82" b="0.0"/>
	</Font>
	<Font name="NumberFontNormalHuge" inherits="NumberFont_Outline_Huge" virtual="true">
		<Color r="1.0" g="1.0" b="1.0"/>
	</Font>
	
	<Font name="ChatFontNormal" inherits="NumberFont_Shadow_Med" virtual="true">
		<Color r="1.0" g="1.0" b="1.0"/>
	</Font>
	<Font name="ChatFontSmall" inherits="NumberFont_Shadow_Small" virtual="true">
		<Color r="1.0" g="1.0" b="1.0"/>
	</Font>
	
	<Font name="QuestTitleFont" inherits="QuestFont_Shadow_Huge" virtual="true">
		<Color r="0" g="0" b="0"/>
	</Font>
	<Font name="QuestFont" inherits="SystemFont_Med2" virtual="true">
		<Color r="0" g="0" b="0"/>
	</Font>
	<Font name="QuestFontLeft" inherits="QuestFont" justifyH="LEFT" virtual="true"/>
	<Font name="QuestFontNormalSmall" inherits="GameFontBlack" virtual="true">
		<Color r="0.30" g="0.18" b="0"/>
	</Font>
	<Font name="QuestFontHighlight" inherits="SystemFont_Med3" virtual="true">
		<Color r="0" g="0" b="0"/>
	</Font>
	
	<Font name="QuestDifficulty_Impossible" inherits="GameFontNormalLeft" virtual="true">
		<Color r="1.0" g="0.1" b="0.1"/>
	</Font>
	<Font name="QuestDifficulty_Verydifficult" inherits="GameFontNormalLeft" virtual="true">
		<Color r="1.0" g="0.5" b="0.25"/>
	</Font>
	<Font name="QuestDifficulty_Difficult" inherits="GameFontNormalLeft" virtual="true">
		<Color r="1.0" g="1.0" b="0.0"/>
	</Font>
	<Font name="QuestDifficulty_Standard" inherits="GameFontNormalLeft" virtual="true">
		<Color r="0.25" g="0.75" b="0.25"/>
	</Font>
	<Font name="QuestDifficulty_Trivial" inherits="GameFontNormalLeft" virtual="true">
		<Color r="0.5" g="0.5" b="0.5"/>
	</Font>
	<Font name="QuestDifficulty_Header" inherits="GameFontNormalLeft" virtual="true">
		<Color r="0.7" g="0.7" b="0.7"/>
	</Font>
	
	<Font name="ItemTextFontNormal" inherits="QuestFont_Large" justifyH="LEFT" virtual="true">
		<Color r="0.18" g="0.12" b="0.06"/>
	</Font>

	<Font name="MailTextFontNormal" inherits="MailFont_Large" justifyH="LEFT" virtual="true">
		<Color r="0.18" g="0.12" b="0.06"/>
	</Font>
	
	<Font name="SubSpellFont" inherits="SpellFont_Small" virtual="true">
		<Color r="0.35" g="0.2" b="0"/>
	</Font>

	<Font name="DialogButtonNormalText" inherits="SystemFont_Large" virtual="true">
		<Color r="1.0" g="0.82" b="0.0"/>
	</Font>
	<Font name="DialogButtonHighlightText" inherits="DialogButtonNormalText" virtual="true">
		<Color r="1.0" g="1.0" b="1.0"/>
	</Font>

	<Font name="ZoneTextFont" inherits="SystemFont_OutlineThick_WTF" virtual="true">
		<Color r="1.0" g="0.9294" b="0.7607"/>
	</Font>
	<Font name="SubZoneTextFont" inherits="SystemFont_OutlineThick_Huge4" virtual="true"/>
	<Font name="PVPInfoTextFont" inherits="SystemFont_OutlineThick_Huge2" virtual="true"/>
	<Font name="ErrorFont" inherits="GameFontNormalLarge" virtual="true"/>
	<Font name="TextStatusBarText" inherits="SystemFont_Outline_Small" virtual="true">
		<Color r="1.0" g="1.0" b="1.0"/>
	</Font>
	
	<Font name="CombatLogFont" inherits="GameFontHighlight" justifyH="LEFT" virtual="true"/>
	<Font name="GameTooltipText" inherits="Tooltip_Med" justifyH="LEFT" virtual="true">
		<Color r="1.0" g="1.0" b="1.0"/>
	</Font>
	<Font name="GameTooltipTextSmall" inherits="Tooltip_Small" justifyH="LEFT" virtual="true">
		<Color r="1.0" g="1.0" b="1.0"/>
	</Font>
	<Font name="GameTooltipHeaderText" inherits="GameTooltipHeader" justifyH="LEFT" virtual="true">
		<Color r="1.0" g="1.0" b="1.0"/>
	</Font>
	<Font name="WorldMapTextFont" inherits="SystemFont_OutlineThick_WTF" virtual="true">
		<Color r="1.0" g="0.9294" b="0.7607"/>
	</Font>
	<Font name="InvoiceTextFontNormal" inherits="InvoiceFont_Med" justifyH="LEFT" virtual="true">
		<Color r="0.18" g="0.12" b="0.06"/>
	</Font>
	<Font name="InvoiceTextFontSmall" inherits="InvoiceFont_Small" justifyH="LEFT" virtual="true">
		<Color r="0.18" g="0.12" b="0.06"/>
	</Font>
	<Font name="CombatTextFont" inherits="SystemFont_Shadow_Huge3" virtual="true">
		<Color r="1.0" g="0.82" b="0"/>
	</Font>
	<Font name="MovieSubtitleFont" inherits="SystemFont_Shadow_Outline_Huge2" virtual="true">
		<Color r="1.0" g="0.78" b="0"/>
	</Font>
	
	<Font name="AchievementPointsFont" inherits="SystemFont_Shadow_Large" justifyH="CENTER" virtual="true">
		<Color r="1.0" g="0.82" b="0"/>
	</Font>	
	<Font name="AchievementPointsFontSmall" inherits="SystemFont_Shadow_Med1" justifyH="CENTER" virtual="true">
		<Color r="1.0" g="0.82" b="0"/>
	</Font>	
	<Font name="AchievementDescriptionFont" inherits="SystemFont_Small" justifyH="CENTER" justifyV="TOP" virtual="true">
		<!-- 	You might be wondering why AchievementDescriptionFont inherits from SystemFont_Small and has its own shadow, rather than inheriting from SystemFont_Shadow_Small. 
			Good question! SystemFont_Shadow_Small and SystemFont_Small are the same height in most languages, but in Chinese, they are different. SystemFont_Small is the smaller of the two, and what
			we need to use for things to fit at all well. -->
		<Shadow>
			<Offset>
				<AbsDimension x="1" y="-1"/>
			</Offset>
			<Color r="0" g="0" b="0"/>
		</Shadow>
		<Color r="1" g="1" b="1"/>
	</Font>
	<Font name="AchievementCriteriaFont" inherits="AchievementDescriptionFont" justifyH="LEFT" justifyV="MIDDLE" virtual="true"/>
	<Font name="AchievementDateFont" inherits="AchievementFont_Small" justifyH="RIGHT" virtual="true">
		<Color r="1.0" g="0.82" b="0"/>
	</Font>	
	<Font name="ReputationDetailFont" inherits="SystemFont_Small" virtual="true">
		<!-- 	You might be wondering why ReputationDetailFont inherits from SystemFont_Small and has its own shadow, rather than inheriting from SystemFont_Shadow_Small. 
			This is being done for the same reason as AchievementDescriptionFont. -->
		<Shadow>
			<Offset>
				<AbsDimension x="1" y="-1"/>
			</Offset>
			<Color r="0.0" g="0.0" b="0.0"/>
		</Shadow>
		<Color r="1.0" g="1.0" b="1.0"/>
	</Font>
</Ui>
