<Ui xmlns="http://www.blizzard.com/wow/ui/" xmlns:xsi="http://www.w3.org/2001/XMLSchema-instance" xsi:schemaLocation="http://www.blizzard.com/wow/ui/
..\FrameXML\UI.xsd">
	<Script file="MultiActionBars.lua"/>
	<CheckButton name="MultiBar1ButtonTemplate" virtual="true" inherits="ActionBarButtonTemplate">
		<Scripts>
			<OnLoad>
				self.buttonType = "MULTIACTIONBAR1BUTTON"
				ActionButton_OnLoad(self);
			</OnLoad>
		</Scripts>
	</CheckButton>
	<CheckButton name="MultiBar2ButtonTemplate" virtual="true" inherits="ActionBarButtonTemplate">
		<Scripts>
			<OnLoad>
				self.buttonType = "MULTIACTIONBAR2BUTTON"
				ActionButton_OnLoad(self);
			</OnLoad>
		</Scripts>
	</CheckButton>
	<CheckButton name="MultiBar3ButtonTemplate" virtual="true" inherits="ActionBarButtonTemplate">
		<Scripts>
			<OnLoad>
				self.buttonType = "MULTIACTIONBAR3BUTTON"
				ActionButton_OnLoad(self);
			</OnLoad>
		</Scripts>
	</CheckButton>
	<CheckButton name="MultiBar4ButtonTemplate" virtual="true" inherits="ActionBarButtonTemplate">
		<Scripts>
			<OnLoad>
				self.buttonType = "MULTIACTIONBAR4BUTTON"
				ActionButton_OnLoad(self);
			</OnLoad>
		</Scripts>
	</CheckButton>
	<Frame name="HorizontalMultiBar1" toplevel="true" frameStrata="HIGH" virtual="true" hidden="true">
		<Size>
			<AbsDimension x="500" y="38"/>
		</Size>
		<Attributes>
			<Attribute name="actionpage" type="number" value="6"/>
		</Attributes>
		<Frames>
			<CheckButton name="$parentButton1" inherits="MultiBar1ButtonTemplate" id="1">
				<Anchors>
					<Anchor point="BOTTOMLEFT">
						<Offset>
							<AbsDimension x="0" y="0"/>
						</Offset>
					</Anchor>
				</Anchors>
			</CheckButton>
			<CheckButton name="$parentButton2" inherits="MultiBar1ButtonTemplate" id="2">
				<Anchors>
					<Anchor point="LEFT" relativeTo="$parentButton1" relativePoint="RIGHT">
						<Offset>
							<AbsDimension x="6" y="0"/>
						</Offset>
					</Anchor>
				</Anchors>
			</CheckButton>
			<CheckButton name="$parentButton3" inherits="MultiBar1ButtonTemplate" id="3">
				<Anchors>
					<Anchor point="LEFT" relativeTo="$parentButton2" relativePoint="RIGHT">
						<Offset>
							<AbsDimension x="6" y="0"/>
						</Offset>
					</Anchor>
				</Anchors>
			</CheckButton>
			<CheckButton name="$parentButton4" inherits="MultiBar1ButtonTemplate" id="4">
				<Anchors>
					<Anchor point="LEFT" relativeTo="$parentButton3" relativePoint="RIGHT">
						<Offset>
							<AbsDimension x="6" y="0"/>
						</Offset>
					</Anchor>
				</Anchors>
			</CheckButton>
			<CheckButton name="$parentButton5" inherits="MultiBar1ButtonTemplate" id="5">
				<Anchors>
					<Anchor point="LEFT" relativeTo="$parentButton4" relativePoint="RIGHT">
						<Offset>
							<AbsDimension x="6" y="0"/>
						</Offset>
					</Anchor>
				</Anchors>
			</CheckButton>
			<CheckButton name="$parentButton6" inherits="MultiBar1ButtonTemplate" id="6">
				<Anchors>
					<Anchor point="LEFT" relativeTo="$parentButton5" relativePoint="RIGHT">
						<Offset>
							<AbsDimension x="6" y="0"/>
						</Offset>
					</Anchor>
				</Anchors>
			</CheckButton>
			<CheckButton name="$parentButton7" inherits="MultiBar1ButtonTemplate" id="7">
				<Anchors>
					<Anchor point="LEFT" relativeTo="$parentButton6" relativePoint="RIGHT">
						<Offset>
							<AbsDimension x="6" y="0"/>
						</Offset>
					</Anchor>
				</Anchors>
			</CheckButton>
			<CheckButton name="$parentButton8" inherits="MultiBar1ButtonTemplate" id="8">
				<Anchors>
					<Anchor point="LEFT" relativeTo="$parentButton7" relativePoint="RIGHT">
						<Offset>
							<AbsDimension x="6" y="0"/>
						</Offset>
					</Anchor>
				</Anchors>
			</CheckButton>
			<CheckButton name="$parentButton9" inherits="MultiBar1ButtonTemplate" id="9">
				<Anchors>
					<Anchor point="LEFT" relativeTo="$parentButton8" relativePoint="RIGHT">
						<Offset>
							<AbsDimension x="6" y="0"/>
						</Offset>
					</Anchor>
				</Anchors>
			</CheckButton>
			<CheckButton name="$parentButton10" inherits="MultiBar1ButtonTemplate" id="10">
				<Anchors>
					<Anchor point="LEFT" relativeTo="$parentButton9" relativePoint="RIGHT">
						<Offset>
							<AbsDimension x="6" y="0"/>
						</Offset>
					</Anchor>
				</Anchors>
			</CheckButton>
			<CheckButton name="$parentButton11" inherits="MultiBar1ButtonTemplate" id="11">
				<Anchors>
					<Anchor point="LEFT" relativeTo="$parentButton10" relativePoint="RIGHT">
						<Offset>
							<AbsDimension x="6" y="0"/>
						</Offset>
					</Anchor>
				</Anchors>
			</CheckButton>
			<CheckButton name="$parentButton12" inherits="MultiBar1ButtonTemplate" id="12">
				<Anchors>
					<Anchor point="LEFT" relativeTo="$parentButton11" relativePoint="RIGHT">
						<Offset>
							<AbsDimension x="6" y="0"/>
						</Offset>
					</Anchor>
				</Anchors>
			</CheckButton>
		</Frames>
	</Frame>
	<Frame name="HorizontalMultiBar2" toplevel="true" frameStrata="HIGH" virtual="true" hidden="true">
		<Size>
			<AbsDimension x="500" y="38"/>
		</Size>
		<Attributes>
			<Attribute name="actionpage" type="number" value="5"/>
		</Attributes>
		<Frames>
			<CheckButton name="$parentButton1" inherits="MultiBar2ButtonTemplate" id="1">
				<Anchors>
					<Anchor point="BOTTOMLEFT">
						<Offset>
							<AbsDimension x="0" y="0"/>
						</Offset>
					</Anchor>
				</Anchors>
			</CheckButton>
			<CheckButton name="$parentButton2" inherits="MultiBar2ButtonTemplate" id="2">
				<Anchors>
					<Anchor point="LEFT" relativeTo="$parentButton1" relativePoint="RIGHT">
						<Offset>
							<AbsDimension x="6" y="0"/>
						</Offset>
					</Anchor>
				</Anchors>
			</CheckButton>
			<CheckButton name="$parentButton3" inherits="MultiBar2ButtonTemplate" id="3">
				<Anchors>
					<Anchor point="LEFT" relativeTo="$parentButton2" relativePoint="RIGHT">
						<Offset>
							<AbsDimension x="6" y="0"/>
						</Offset>
					</Anchor>
				</Anchors>
			</CheckButton>
			<CheckButton name="$parentButton4" inherits="MultiBar2ButtonTemplate" id="4">
				<Anchors>
					<Anchor point="LEFT" relativeTo="$parentButton3" relativePoint="RIGHT">
						<Offset>
							<AbsDimension x="6" y="0"/>
						</Offset>
					</Anchor>
				</Anchors>
			</CheckButton>
			<CheckButton name="$parentButton5" inherits="MultiBar2ButtonTemplate" id="5">
				<Anchors>
					<Anchor point="LEFT" relativeTo="$parentButton4" relativePoint="RIGHT">
						<Offset>
							<AbsDimension x="6" y="0"/>
						</Offset>
					</Anchor>
				</Anchors>
			</CheckButton>
			<CheckButton name="$parentButton6" inherits="MultiBar2ButtonTemplate" id="6">
				<Anchors>
					<Anchor point="LEFT" relativeTo="$parentButton5" relativePoint="RIGHT">
						<Offset>
							<AbsDimension x="6" y="0"/>
						</Offset>
					</Anchor>
				</Anchors>
			</CheckButton>
			<CheckButton name="$parentButton7" inherits="MultiBar2ButtonTemplate" id="7">
				<Anchors>
					<Anchor point="LEFT" relativeTo="$parentButton6" relativePoint="RIGHT">
						<Offset>
							<AbsDimension x="6" y="0"/>
						</Offset>
					</Anchor>
				</Anchors>
			</CheckButton>
			<CheckButton name="$parentButton8" inherits="MultiBar2ButtonTemplate" id="8">
				<Anchors>
					<Anchor point="LEFT" relativeTo="$parentButton7" relativePoint="RIGHT">
						<Offset>
							<AbsDimension x="6" y="0"/>
						</Offset>
					</Anchor>
				</Anchors>
			</CheckButton>
			<CheckButton name="$parentButton9" inherits="MultiBar2ButtonTemplate" id="9">
				<Anchors>
					<Anchor point="LEFT" relativeTo="$parentButton8" relativePoint="RIGHT">
						<Offset>
							<AbsDimension x="6" y="0"/>
						</Offset>
					</Anchor>
				</Anchors>
			</CheckButton>
			<CheckButton name="$parentButton10" inherits="MultiBar2ButtonTemplate" id="10">
				<Anchors>
					<Anchor point="LEFT" relativeTo="$parentButton9" relativePoint="RIGHT">
						<Offset>
							<AbsDimension x="6" y="0"/>
						</Offset>
					</Anchor>
				</Anchors>
			</CheckButton>
			<CheckButton name="$parentButton11" inherits="MultiBar2ButtonTemplate" id="11">
				<Anchors>
					<Anchor point="LEFT" relativeTo="$parentButton10" relativePoint="RIGHT">
						<Offset>
							<AbsDimension x="6" y="0"/>
						</Offset>
					</Anchor>
				</Anchors>
			</CheckButton>
			<CheckButton name="$parentButton12" inherits="MultiBar2ButtonTemplate" id="12">
				<Anchors>
					<Anchor point="LEFT" relativeTo="$parentButton11" relativePoint="RIGHT">
						<Offset>
							<AbsDimension x="6" y="0"/>
						</Offset>
					</Anchor>
				</Anchors>
			</CheckButton>
		</Frames>
	</Frame>
	<Frame name="VerticalMultiBar3" toplevel="true" frameStrata="HIGH" virtual="true" hidden="true">
		<Size>
			<AbsDimension x="38" y="500"/>
		</Size>
		<Attributes>
			<Attribute name="actionpage" type="number" value="3"/>
		</Attributes>
		<Frames>
			<CheckButton name="$parentButton1" inherits="MultiBar3ButtonTemplate" id="1">
				<Anchors>
					<Anchor point="TOPRIGHT">
						<Offset>
							<AbsDimension x="0" y="0"/>
						</Offset>
					</Anchor>
				</Anchors>
			</CheckButton>
			<CheckButton name="$parentButton2" inherits="MultiBar3ButtonTemplate" id="2">
				<Anchors>
					<Anchor point="TOP" relativeTo="$parentButton1" relativePoint="BOTTOM">
						<Offset>
							<AbsDimension x="0" y="-6"/>
						</Offset>
					</Anchor>
				</Anchors>
			</CheckButton>
			<CheckButton name="$parentButton3" inherits="MultiBar3ButtonTemplate" id="3">
				<Anchors>
					<Anchor point="TOP" relativeTo="$parentButton2" relativePoint="BOTTOM">
						<Offset>
							<AbsDimension x="0" y="-6"/>
						</Offset>
					</Anchor>
				</Anchors>
			</CheckButton>
			<CheckButton name="$parentButton4" inherits="MultiBar3ButtonTemplate" id="4">
				<Anchors>
					<Anchor point="TOP" relativeTo="$parentButton3" relativePoint="BOTTOM">
						<Offset>
							<AbsDimension x="0" y="-6"/>
						</Offset>
					</Anchor>
				</Anchors>
			</CheckButton>
			<CheckButton name="$parentButton5" inherits="MultiBar3ButtonTemplate" id="5">
				<Anchors>
					<Anchor point="TOP" relativeTo="$parentButton4" relativePoint="BOTTOM">
						<Offset>
							<AbsDimension x="0" y="-6"/>
						</Offset>
					</Anchor>
				</Anchors>
			</CheckButton>
			<CheckButton name="$parentButton6" inherits="MultiBar3ButtonTemplate" id="6">
				<Anchors>
					<Anchor point="TOP" relativeTo="$parentButton5" relativePoint="BOTTOM">
						<Offset>
							<AbsDimension x="0" y="-6"/>
						</Offset>
					</Anchor>
				</Anchors>
			</CheckButton>
			<CheckButton name="$parentButton7" inherits="MultiBar3ButtonTemplate" id="7">
				<Anchors>
					<Anchor point="TOP" relativeTo="$parentButton6" relativePoint="BOTTOM">
						<Offset>
							<AbsDimension x="0" y="-6"/>
						</Offset>
					</Anchor>
				</Anchors>
			</CheckButton>
			<CheckButton name="$parentButton8" inherits="MultiBar3ButtonTemplate" id="8">
				<Anchors>
					<Anchor point="TOP" relativeTo="$parentButton7" relativePoint="BOTTOM">
						<Offset>
							<AbsDimension x="0" y="-6"/>
						</Offset>
					</Anchor>
				</Anchors>
			</CheckButton>
			<CheckButton name="$parentButton9" inherits="MultiBar3ButtonTemplate" id="9">
				<Anchors>
					<Anchor point="TOP" relativeTo="$parentButton8" relativePoint="BOTTOM">
						<Offset>
							<AbsDimension x="0" y="-6"/>
						</Offset>
					</Anchor>
				</Anchors>
			</CheckButton>
			<CheckButton name="$parentButton10" inherits="MultiBar3ButtonTemplate" id="10">
				<Anchors>
					<Anchor point="TOP" relativeTo="$parentButton9" relativePoint="BOTTOM">
						<Offset>
							<AbsDimension x="0" y="-6"/>
						</Offset>
					</Anchor>
				</Anchors>
			</CheckButton>
			<CheckButton name="$parentButton11" inherits="MultiBar3ButtonTemplate" id="11">
				<Anchors>
					<Anchor point="TOP" relativeTo="$parentButton10" relativePoint="BOTTOM">
						<Offset>
							<AbsDimension x="0" y="-6"/>
						</Offset>
					</Anchor>
				</Anchors>
			</CheckButton>
			<CheckButton name="$parentButton12" inherits="MultiBar3ButtonTemplate" id="12">
				<Anchors>
					<Anchor point="TOP" relativeTo="$parentButton11" relativePoint="BOTTOM">
						<Offset>
							<AbsDimension x="0" y="-6"/>
						</Offset>
					</Anchor>
				</Anchors>
			</CheckButton>
		</Frames>
	</Frame>
	<Frame name="VerticalMultiBar4" toplevel="true" frameStrata="HIGH" virtual="true" hidden="true">
		<Size>
			<AbsDimension x="38" y="500"/>
		</Size>
		<Attributes>
			<Attribute name="actionpage" type="number" value="4"/>
		</Attributes>
		<Frames>
			<CheckButton name="$parentButton1" inherits="MultiBar4ButtonTemplate" id="1">
				<Anchors>
					<Anchor point="TOPRIGHT">
						<Offset>
							<AbsDimension x="0" y="0"/>
						</Offset>
					</Anchor>
				</Anchors>
			</CheckButton>
			<CheckButton name="$parentButton2" inherits="MultiBar4ButtonTemplate" id="2">
				<Anchors>
					<Anchor point="TOP" relativeTo="$parentButton1" relativePoint="BOTTOM">
						<Offset>
							<AbsDimension x="0" y="-6"/>
						</Offset>
					</Anchor>
				</Anchors>
			</CheckButton>
			<CheckButton name="$parentButton3" inherits="MultiBar4ButtonTemplate" id="3">
				<Anchors>
					<Anchor point="TOP" relativeTo="$parentButton2" relativePoint="BOTTOM">
						<Offset>
							<AbsDimension x="0" y="-6"/>
						</Offset>
					</Anchor>
				</Anchors>
			</CheckButton>
			<CheckButton name="$parentButton4" inherits="MultiBar4ButtonTemplate" id="4">
				<Anchors>
					<Anchor point="TOP" relativeTo="$parentButton3" relativePoint="BOTTOM">
						<Offset>
							<AbsDimension x="0" y="-6"/>
						</Offset>
					</Anchor>
				</Anchors>
			</CheckButton>
			<CheckButton name="$parentButton5" inherits="MultiBar4ButtonTemplate" id="5">
				<Anchors>
					<Anchor point="TOP" relativeTo="$parentButton4" relativePoint="BOTTOM">
						<Offset>
							<AbsDimension x="0" y="-6"/>
						</Offset>
					</Anchor>
				</Anchors>
			</CheckButton>
			<CheckButton name="$parentButton6" inherits="MultiBar4ButtonTemplate" id="6">
				<Anchors>
					<Anchor point="TOP" relativeTo="$parentButton5" relativePoint="BOTTOM">
						<Offset>
							<AbsDimension x="0" y="-6"/>
						</Offset>
					</Anchor>
				</Anchors>
			</CheckButton>
			<CheckButton name="$parentButton7" inherits="MultiBar4ButtonTemplate" id="7">
				<Anchors>
					<Anchor point="TOP" relativeTo="$parentButton6" relativePoint="BOTTOM">
						<Offset>
							<AbsDimension x="0" y="-6"/>
						</Offset>
					</Anchor>
				</Anchors>
			</CheckButton>
			<CheckButton name="$parentButton8" inherits="MultiBar4ButtonTemplate" id="8">
				<Anchors>
					<Anchor point="TOP" relativeTo="$parentButton7" relativePoint="BOTTOM">
						<Offset>
							<AbsDimension x="0" y="-6"/>
						</Offset>
					</Anchor>
				</Anchors>
			</CheckButton>
			<CheckButton name="$parentButton9" inherits="MultiBar4ButtonTemplate" id="9">
				<Anchors>
					<Anchor point="TOP" relativeTo="$parentButton8" relativePoint="BOTTOM">
						<Offset>
							<AbsDimension x="0" y="-6"/>
						</Offset>
					</Anchor>
				</Anchors>
			</CheckButton>
			<CheckButton name="$parentButton10" inherits="MultiBar4ButtonTemplate" id="10">
				<Anchors>
					<Anchor point="TOP" relativeTo="$parentButton9" relativePoint="BOTTOM">
						<Offset>
							<AbsDimension x="0" y="-6"/>
						</Offset>
					</Anchor>
				</Anchors>
			</CheckButton>
			<CheckButton name="$parentButton11" inherits="MultiBar4ButtonTemplate" id="11">
				<Anchors>
					<Anchor point="TOP" relativeTo="$parentButton10" relativePoint="BOTTOM">
						<Offset>
							<AbsDimension x="0" y="-6"/>
						</Offset>
					</Anchor>
				</Anchors>
			</CheckButton>
			<CheckButton name="$parentButton12" inherits="MultiBar4ButtonTemplate" id="12">
				<Anchors>
					<Anchor point="TOP" relativeTo="$parentButton11" relativePoint="BOTTOM">
						<Offset>
							<AbsDimension x="0" y="-6"/>
						</Offset>
					</Anchor>
				</Anchors>
			</CheckButton>
		</Frames>
	</Frame>
	<Frame name="MultiBarBottomLeft" inherits="HorizontalMultiBar1" parent="UIParent">
		<Anchors>
			<Anchor point="BOTTOMLEFT" relativeTo="ActionButton1" relativePoint="TOPLEFT">
				<Offset>
					<AbsDimension x="0" y="17"/>
				</Offset>
			</Anchor>
		</Anchors>
	</Frame>
	<Frame name="MultiBarBottomRight" inherits="HorizontalMultiBar2" parent="UIParent">
		<Anchors>
			<Anchor point="LEFT" relativeTo="MultiBarBottomLeft" relativePoint="RIGHT">
				<Offset>
					<AbsDimension x="10" y="0"/>
				</Offset>
			</Anchor>
		</Anchors>
	</Frame>
	<Frame name="MultiBarRight" inherits="VerticalMultiBar3" parent="UIParent">
		<Anchors>
			<Anchor point="BOTTOMRIGHT">
				<Offset>
					<AbsDimension x="-7" y="98"/>
				</Offset>
			</Anchor>
		</Anchors>
	</Frame>
	<Frame name="MultiBarLeft" inherits="VerticalMultiBar4" parent="UIParent">
		<Anchors>
			<Anchor point="TOPRIGHT" relativeTo="MultiBarRight" relativePoint="TOPLEFT">
				<Offset>
					<AbsDimension x="-5" y="0"/>
				</Offset>
			</Anchor>
		</Anchors>
		<Scripts>
			<OnLoad>
				MultiActionBarFrame_OnLoad(self);
			</OnLoad>
		</Scripts>
	</Frame>
</Ui>