<Ui xmlns="http://www.blizzard.com/wow/ui/" xmlns:xsi="http://www.w3.org/2001/XMLSchema-instance" xsi:schemaLocation="http://www.blizzard.com/wow/ui/
..\FrameXML\UI.xsd">
	<Script file="UIOptionsPanels.lua"/>
	
	<!-- Templates -->
	
	<CheckButton name="InterfaceOptionsBaseCheckButtonTemplate" inherits="OptionsBaseCheckButtonTemplate" virtual="true">
		<Scripts>
			<OnClick>
				if ( self:GetChecked() ) then
					PlaySound("igMainMenuOptionCheckBoxOn");
				else
					PlaySound("igMainMenuOptionCheckBoxOff");
				end
				InterfaceOptionsPanel_CheckButton_OnClick(self);
			</OnClick>
		</Scripts>
	</CheckButton>
	<CheckButton name="InterfaceOptionsCheckButtonTemplate" virtual="true" inherits="InterfaceOptionsBaseCheckButtonTemplate">
		<Layers>
			<Layer level="ARTWORK">
				<FontString name="$parentText" inherits="GameFontHighlight">
					<Anchors>
						<Anchor point="LEFT" relativePoint="RIGHT">
							<Offset>
								<AbsDimension x="0" y="1"/>
							</Offset>
						</Anchor>
					</Anchors>
				</FontString>
			</Layer>
		</Layers>
	</CheckButton>
	<CheckButton name="InterfaceOptionsSmallCheckButtonTemplate" virtual="true" inherits="InterfaceOptionsBaseCheckButtonTemplate">
		<Layers>
			<Layer level="ARTWORK">
				<FontString name="$parentText" inherits="GameFontHighlightSmall">
					<Anchors>
						<Anchor point="LEFT" relativePoint="RIGHT">
							<Offset>
								<AbsDimension x="0" y="1"/>
							</Offset>
						</Anchor>
					</Anchors>
				</FontString>
			</Layer>
		</Layers>
	</CheckButton>

	<!-- Controls Panel -->

	<Frame name="InterfaceOptionsControlsPanel" hidden="false" parent="InterfaceOptionsFramePanelContainer">
		<Layers>
			<Layer level="ARTWORK">
				<FontString name="$parentTitle" text="CONTROLS_LABEL" inherits="GameFontNormalLarge" justifyH="LEFT" justifyV="TOP">
					<Anchors>
						<Anchor point="TOPLEFT">
							<Offset>
								<AbsDimension x="16" y="-16"/>
							</Offset>
						</Anchor>
					</Anchors>
				</FontString>
				<FontString name="$parentSubText" text="CONTROLS_SUBTEXT" inherits="GameFontHighlightSmall" nonspacewrap="true" maxLines="3" justifyH="LEFT" justifyV="TOP">
					<Size>
						<AbsDimension y="32" x="0"/>
					</Size>
					<Anchors>
						<Anchor point="TOPLEFT" relativeTo="$parentTitle" relativePoint="BOTTOMLEFT">
							<Offset>
								<AbsDimension x="0" y="-8"/>
							</Offset>
						</Anchor>
						<Anchor point="RIGHT">
							<Offset>
								<AbsDimension x="-32" y="0"/>
							</Offset>
						</Anchor>
					</Anchors>
				</FontString>
			</Layer>
		</Layers>
		<Frames>
			<CheckButton name="$parentStickyTargeting" inherits="InterfaceOptionsCheckButtonTemplate">
				<Anchors>
					<Anchor point="TOPLEFT" relativeTo="$parentSubText" relativePoint="BOTTOMLEFT">
						<Offset>
							<AbsDimension x="-2" y="-8"/>
						</Offset>
					</Anchor>
				</Anchors>
				<Scripts>
					<OnLoad>
						self.invert = true;
						self.type = CONTROLTYPE_CHECKBOX;
						self.cvar = "deselectOnClick";
						BlizzardOptionsPanel_RegisterControl(self, self:GetParent());
					</OnLoad>
				</Scripts>
			</CheckButton>
			<CheckButton name="$parentAutoDismount" inherits="InterfaceOptionsCheckButtonTemplate">
				<Anchors>
					<Anchor point="TOPLEFT" relativeTo="$parentStickyTargeting" relativePoint="BOTTOMLEFT">
						<Offset>
							<AbsDimension x="0" y="-8"/>
						</Offset>
					</Anchor>
				</Anchors>
				<Scripts>
					<OnLoad>
						self.type = CONTROLTYPE_CHECKBOX;
						self.cvar = "autoDismountFlying";
						BlizzardOptionsPanel_RegisterControl(self, self:GetParent());
					</OnLoad>
				</Scripts>			
			</CheckButton>
			<CheckButton name="$parentAutoClearAFK" inherits="InterfaceOptionsCheckButtonTemplate">
				<Anchors>
					<Anchor point="TOPLEFT" relativeTo="$parentAutoDismount" relativePoint="BOTTOMLEFT">
						<Offset>
							<AbsDimension x="0" y="-8"/>
						</Offset>
					</Anchor>
				</Anchors>
				<Scripts>
					<OnLoad>
						self.type = CONTROLTYPE_CHECKBOX;
						self.cvar = "autoClearAFK";
						BlizzardOptionsPanel_RegisterControl(self, self:GetParent());
					</OnLoad>
				</Scripts>
			</CheckButton>
			<CheckButton name="$parentBlockTrades" inherits="InterfaceOptionsCheckButtonTemplate">
				<Anchors>
					<Anchor point="TOPLEFT" relativeTo="$parentAutoClearAFK" relativePoint="BOTTOMLEFT">
						<Offset>
							<AbsDimension x="0" y="-8"/>
						</Offset>
					</Anchor>
				</Anchors>
				<Scripts>
					<OnLoad>
						self.type = CONTROLTYPE_CHECKBOX;
						self.cvar = "blockTrades";
						BlizzardOptionsPanel_RegisterControl(self, self:GetParent());
					</OnLoad>
				</Scripts>
			</CheckButton>			
			<CheckButton name="$parentLootAtMouse" inherits="InterfaceOptionsCheckButtonTemplate">
				<Anchors>
					<Anchor point="TOPLEFT" relativeTo="$parentBlockTrades" relativePoint="BOTTOMLEFT">
						<Offset>
							<AbsDimension x="0" y="-8"/>
						</Offset>
					</Anchor>
				</Anchors>
				<Scripts>
					<OnLoad>
						self.type = CONTROLTYPE_CHECKBOX;
						self.cvar = "lootUnderMouse";
						BlizzardOptionsPanel_RegisterControl(self, self:GetParent());
					</OnLoad>
				</Scripts>
			</CheckButton>
			<CheckButton name="$parentAutoLootCorpse" inherits="InterfaceOptionsCheckButtonTemplate">
				<Anchors>
					<Anchor point="TOPLEFT" relativeTo="$parentLootAtMouse" relativePoint="BOTTOMLEFT">
						<Offset>
							<AbsDimension x="0" y="-8"/>
						</Offset>
					</Anchor>
				</Anchors>
				<Scripts>
					<OnLoad>
						self.type = CONTROLTYPE_CHECKBOX;
						self.cvar = "autoLootDefault";
						self.setFunc = InterfaceOptionsControlsPanelAutoLootKeyDropDown_Update;
						BlizzardOptionsPanel_RegisterControl(self, self:GetParent());
					</OnLoad>
				</Scripts>
			</CheckButton>
			<Frame name="$parentAutoLootKeyDropDown" inherits="UIDropDownMenuTemplate" enableMouse="true">
				<Anchors>
					<Anchor point="TOPLEFT" relativeTo="$parentAutoLootCorpse" relativePoint="BOTTOMLEFT">
						<Offset>
							<AbsDimension x="-13" y="-24"/>
						</Offset>
					</Anchor>
				</Anchors>
				<Layers>
					<Layer level="BACKGROUND">
						<FontString name="$parentLabel" inherits="GameFontHighlight" text="AUTO_LOOT_KEY_TEXT">
							<Anchors>
								<Anchor point="BOTTOMLEFT" relativePoint="TOPLEFT">
									<Offset>
										<AbsDimension x="16" y="3"/>
									</Offset>
								</Anchor>
							</Anchors>
						</FontString>
					</Layer>
				</Layers>
				<Scripts>
					<OnLoad>
						self.type = CONTROLTYPE_DROPDOWN;
						BlizzardOptionsPanel_RegisterControl(self, self:GetParent());
						self:RegisterEvent("PLAYER_ENTERING_WORLD");
					</OnLoad>
					<OnEnter>
						if ( not self.isDisabled ) then
							GameTooltip:SetOwner(self, "ANCHOR_TOPRIGHT");
							GameTooltip:SetText(self.tooltip, nil, nil, nil, nil, 1);
						end
					</OnEnter>
					<OnEvent>
						InterfaceOptionsControlsPanelAutoLootKeyDropDown_OnEvent(self, event, ...);
					</OnEvent>
					<OnLeave>
						GameTooltip:Hide();
					</OnLeave>
				</Scripts>
			</Frame>
		</Frames>
		<Scripts>
			<OnLoad>
				self.name = CONTROLS_LABEL;
				self.options = ControlsPanelOptions;
				InterfaceOptionsPanel_OnLoad(self);
				UIDropDownMenu_SetSelectedValue(InterfaceOptionsControlsPanelAutoLootKeyDropDown, GetModifiedClick("AUTOLOOTTOGGLE"));
				UIDropDownMenu_EnableDropDown(InterfaceOptionsControlsPanelAutoLootKeyDropDown);
			</OnLoad>
		</Scripts>	
	</Frame>
	
	<!-- Combat panel -->
	
	<Frame name="InterfaceOptionsCombatPanel" hidden="true" parent="InterfaceOptionsFramePanelContainer">
		<Layers>
			<Layer level="ARTWORK">
				<FontString name="$parentTitle" text="COMBAT_LABEL" inherits="GameFontNormalLarge" justifyH="LEFT" justifyV="TOP">
					<Anchors>
						<Anchor point="TOPLEFT">
							<Offset>
								<AbsDimension x="16" y="-16"/>
							</Offset>
						</Anchor>
					</Anchors>
				</FontString>
				<FontString name="$parentSubText" text="COMBAT_SUBTEXT" inherits="GameFontHighlightSmall" nonspacewrap="true" maxLines="3" justifyH="LEFT" justifyV="TOP">
					<Size>
						<AbsDimension y="32" x="0"/>
					</Size>
					<Anchors>
						<Anchor point="TOPLEFT" relativeTo="$parentTitle" relativePoint="BOTTOMLEFT">
							<Offset>
								<AbsDimension x="0" y="-8"/>
							</Offset>
						</Anchor>
						<Anchor point="RIGHT">
							<Offset>
								<AbsDimension x="-32" y="0"/>
							</Offset>
						</Anchor>
					</Anchors>
				</FontString>
			</Layer>
		</Layers>
		<Frames>		
			<CheckButton name="$parentAttackOnAssist" inherits="InterfaceOptionsCheckButtonTemplate">
				<Anchors>
					<Anchor point="TOPLEFT" relativeTo="$parentSubText" relativePoint="BOTTOMLEFT">
						<Offset>
							<AbsDimension x="-2" y="-8"/>
						</Offset>
					</Anchor>
				</Anchors>
				<Scripts>
					<OnLoad>
						self.type = CONTROLTYPE_CHECKBOX;
						self.cvar = "assistAttack";
						BlizzardOptionsPanel_RegisterControl(self, self:GetParent());
					</OnLoad>
				</Scripts>
			</CheckButton>			
			<CheckButton name="$parentAutoRange" inherits="InterfaceOptionsCheckButtonTemplate">
				<Anchors>
					<Anchor point="TOPLEFT" relativeTo="$parentAttackOnAssist" relativePoint="BOTTOMLEFT">
						<Offset>
							<AbsDimension x="0" y="-8"/>
						</Offset>
					</Anchor>
				</Anchors>
				<Scripts>
					<OnLoad>
						self.type = CONTROLTYPE_CHECKBOX;
						self.cvar = "autoRangedCombat";
						BlizzardOptionsPanel_RegisterControl(self, self:GetParent());
					</OnLoad>
				</Scripts>
			</CheckButton>
			<CheckButton name="$parentStopAutoAttack" inherits="InterfaceOptionsCheckButtonTemplate">
				<Anchors>
					<Anchor point="TOPLEFT" relativeTo="$parentAutoRange" relativePoint="BOTTOMLEFT">
						<Offset>
							<AbsDimension x="0" y="-8"/>
						</Offset>
					</Anchor>
				</Anchors>
				<Scripts>
					<OnLoad>
						self.type = CONTROLTYPE_CHECKBOX;
						self.cvar = "stopAutoAttackOnTargetChange";
						BlizzardOptionsPanel_RegisterControl(self, self:GetParent());
					</OnLoad>
				</Scripts>
			</CheckButton>
			<CheckButton name="$parentNameplateClassColors" inherits="InterfaceOptionsCheckButtonTemplate">
				<Anchors>
					<Anchor point="TOPLEFT" relativeTo="$parentStopAutoAttack" relativePoint="BOTTOMLEFT">
						<Offset>
							<AbsDimension x="0" y="-8"/>
						</Offset>
					</Anchor>
				</Anchors>
				<Scripts>
					<OnLoad>
						self.type = CONTROLTYPE_CHECKBOX;
						self.cvar = "ShowClassColorInNameplate";
						BlizzardOptionsPanel_RegisterControl(self, self:GetParent());
					</OnLoad>
				</Scripts>
			</CheckButton>			
			<CheckButton name="$parentAutoSelfCast" inherits="InterfaceOptionsCheckButtonTemplate">
				<Anchors>
					<Anchor point="TOPLEFT" relativeTo="$parentNameplateClassColors" relativePoint="BOTTOMLEFT">
						<Offset>
							<AbsDimension x="0" y="-16"/>
						</Offset>
					</Anchor>
				</Anchors>
				<Scripts>
					<OnLoad>
						self.type = CONTROLTYPE_CHECKBOX;
						self.cvar = "autoSelfCast";
						BlizzardOptionsPanel_RegisterControl(self, self:GetParent());
					</OnLoad>
				</Scripts>
			</CheckButton>
			<Frame name="$parentSelfCastKeyDropDown" inherits="UIDropDownMenuTemplate" enableMouse="true">
				<Anchors>
					<Anchor point="TOPLEFT" relativeTo="$parentAutoSelfCast" relativePoint="BOTTOMLEFT">
						<Offset>
							<AbsDimension x="-13" y="-24"/>
						</Offset>
					</Anchor>
				</Anchors>
				<Layers>
					<Layer level="BACKGROUND">
						<FontString name="$parentLabel" inherits="GameFontHighlight" text="AUTO_SELF_CAST_KEY_TEXT">
							<Anchors>
								<Anchor point="BOTTOMLEFT" relativePoint="TOPLEFT">
									<Offset>
										<AbsDimension x="16" y="3"/>
									</Offset>
								</Anchor>
							</Anchors>
						</FontString>
					</Layer>
				</Layers>
				<Scripts>
					<OnLoad>
						self.type = CONTROLTYPE_DROPDOWN;
						self:RegisterEvent("PLAYER_ENTERING_WORLD");
						BlizzardOptionsPanel_RegisterControl(self, self:GetParent());
					</OnLoad>
					<OnEnter>
						if ( not self.isDisabled ) then
							GameTooltip:SetOwner(self, "ANCHOR_TOPRIGHT");
							GameTooltip:SetText(self.tooltip, nil, nil, nil, nil, 1);
						end
					</OnEnter>
					<OnEvent>
						InterfaceOptionsCombatPanelSelfCastKeyDropDown_OnEvent (self, event, ...);
					</OnEvent>
					<OnLeave>
						GameTooltip:Hide();
					</OnLeave>
				</Scripts>
			</Frame>
			<Frame name="$parentEnemyCastBars">
				<Size>
					<AbsDimension x="100" y="75"/>
				</Size>
				<Anchors>
					<Anchor point="TOPRIGHT" relativeTo="$parentSubText" relativePoint="BOTTOMRIGHT">
						<Offset>
							<AbsDimension x="-40" y="-12"/>
						</Offset>
					</Anchor>
				</Anchors>
				<Layers>
					<Layer level="OVERLAY">
						<FontString name="$parentLabel" inherits="GameFontHighlight" justifyH="LEFT" text="SHOW_ENEMY_CAST">
							<Anchors>
								<Anchor point="TOPLEFT"/>
							</Anchors>
						</FontString>
					</Layer>
				</Layers>
				<Frames>
					<CheckButton name="$parentOnPortrait" inherits="InterfaceOptionsSmallCheckButtonTemplate">
						<Anchors>
							<Anchor point="TOP" relativeTo="$parentLabel" relativePoint="BOTTOM">
								<Offset>
									<AbsDimension x="0" y="-8"/>
								</Offset>
							</Anchor>
							<Anchor point="RIGHT" relativeTo="$parent" relativePoint="RIGHT">
								<Offset>
									<AbsDimension x="-68" y="0"/>
								</Offset>
							</Anchor>
						</Anchors>
						<Scripts>
							<OnLoad>
								self.type = CONTROLTYPE_CHECKBOX;
								self.cvar = "showTargetCastbar";
								BlizzardOptionsPanel_RegisterControl(self, self:GetParent():GetParent());
							</OnLoad>
						</Scripts>
					</CheckButton>	
					<CheckButton name="$parentOnNameplates" inherits="InterfaceOptionsSmallCheckButtonTemplate">
						<Anchors>
							<Anchor point="TOPLEFT" relativeTo="$parentOnPortrait" relativePoint="BOTTOMLEFT">
								<Offset>
									<AbsDimension x="0" y="-2"/>
								</Offset>
							</Anchor>
						</Anchors>
						<Scripts>
							<OnLoad>
								self.type = CONTROLTYPE_CHECKBOX;
								self.cvar = "showVKeyCastbar";
								BlizzardOptionsPanel_RegisterControl(self, self:GetParent():GetParent());
							</OnLoad>
						</Scripts>
					</CheckButton>						
				</Frames>
			</Frame>
			<CheckButton name="$parentTargetOfTarget" inherits="InterfaceOptionsCheckButtonTemplate">
				<Anchors>
					<Anchor point="TOPLEFT" relativeTo="$parentEnemyCastBars" relativePoint="BOTTOMLEFT">
						<Offset>
							<AbsDimension x="0" y="-10"/>
						</Offset>
					</Anchor>
				</Anchors>
				<Scripts>
					<OnLoad>
						self.type = CONTROLTYPE_CHECKBOX;
						self.cvar = "showTargetOfTarget";
						self.uvar = "SHOW_TARGET_OF_TARGET";
						BlizzardOptionsPanel_RegisterControl(self, self:GetParent());
					</OnLoad>
				</Scripts>
			</CheckButton>			
			<Frame name="$parentTOTDropDown" inherits="UIDropDownMenuTemplate" enableMouse="true">
				<Anchors>
					<Anchor point="TOPLEFT" relativeTo="$parentTargetOfTarget" relativePoint="BOTTOMLEFT">
						<Offset>
							<AbsDimension x="0" y="-4"/>
						</Offset>
					</Anchor>
				</Anchors>
				<Scripts>
					<OnLoad>
						self.type = CONTROLTYPE_DROPDOWN;
						self.cvar = "targetOfTargetMode";
						self.uvar = "SHOW_TARGET_OF_TARGET_STATE";
						BlizzardOptionsPanel_RegisterControl(self, self:GetParent());
						BlizzardOptionsPanel_SetupDependentControl(InterfaceOptionsCombatPanelTargetOfTarget, self);
						self:RegisterEvent("PLAYER_ENTERING_WORLD");
					</OnLoad>
					<OnEnter>
						if ( not self.isDisabled ) then
							GameTooltip:SetOwner(self, "ANCHOR_TOPRIGHT");
							GameTooltip:SetText(self.tooltip, nil, nil, nil, nil, 1);
						end
					</OnEnter>
					<OnLeave>
						GameTooltip:Hide();
					</OnLeave>
					<OnEvent>
						if ( event == "PLAYER_ENTERING_WORLD" ) then
							InterfaceOptionsCombatPanelTOTDropDown_OnEvent(self, event, ...);
						end
					</OnEvent>
				</Scripts>
			</Frame>
			<Frame name="$parentFocusCastKeyDropDown" inherits="UIDropDownMenuTemplate" enableMouse="true">
				<Anchors>
					<Anchor point="TOPLEFT" relativeTo="$parentTOTDropDown" relativePoint="BOTTOMLEFT">
						<Offset>
							<AbsDimension x="0" y="-43"/>
						</Offset>
					</Anchor>
				</Anchors>
				<Layers>
					<Layer level="BACKGROUND">
						<FontString name="$parentLabel" inherits="GameFontHighlight" text="FOCUS_CAST_KEY_TEXT">
							<Anchors>
								<Anchor point="BOTTOMLEFT" relativePoint="TOPLEFT">
									<Offset>
										<AbsDimension x="16" y="3"/>
									</Offset>
								</Anchor>
							</Anchors>
						</FontString>
					</Layer>
				</Layers>
				<Scripts>
					<OnLoad>
						self.type = CONTROLTYPE_DROPDOWN;
						self:RegisterEvent("PLAYER_ENTERING_WORLD");
						BlizzardOptionsPanel_RegisterControl(self, self:GetParent());
					</OnLoad>
					<OnEnter>
						if ( not self.isDisabled ) then
							GameTooltip:SetOwner(self, "ANCHOR_TOPRIGHT");
							GameTooltip:SetText(self.tooltip, nil, nil, nil, nil, 1);
						end
					</OnEnter>
					<OnEvent>
						InterfaceOptionsCombatPanelFocusCastKeyDropDown_OnEvent (self, event, ...);
					</OnEvent>
					<OnLeave>
						GameTooltip:Hide();
					</OnLeave>
				</Scripts>
			</Frame>
		</Frames>
		<Scripts>
			<OnLoad>
				self.name = COMBAT_LABEL;
				self.options = CombatPanelOptions;
				InterfaceOptionsPanel_OnLoad(self);
			</OnLoad>
		</Scripts>
	</Frame>
	
	<!-- Display panel -->
	
	<Frame name="InterfaceOptionsDisplayPanel" hidden="true" parent="InterfaceOptionsFramePanelContainer">
		<Layers>
			<Layer level="ARTWORK">
				<FontString name="$parentTitle" text="DISPLAY_LABEL" inherits="GameFontNormalLarge" justifyH="LEFT" justifyV="TOP">
					<Anchors>
						<Anchor point="TOPLEFT">
							<Offset>
								<AbsDimension x="16" y="-16"/>
							</Offset>
						</Anchor>
					</Anchors>
				</FontString>
				<FontString name="$parentSubText" text="DISPLAY_SUBTEXT" inherits="GameFontHighlightSmall" nonspacewrap="true" maxLines="3" justifyH="LEFT" justifyV="TOP">
					<Size>
						<AbsDimension y="32" x="0"/>
					</Size>
					<Anchors>
						<Anchor point="TOPLEFT" relativeTo="$parentTitle" relativePoint="BOTTOMLEFT">
							<Offset>
								<AbsDimension x="0" y="-8"/>
							</Offset>
						</Anchor>
						<Anchor point="RIGHT">
							<Offset>
								<AbsDimension x="-32" y="0"/>
							</Offset>
						</Anchor>
					</Anchors>
				</FontString>
			</Layer>
		</Layers>
		<Frames>
			<CheckButton name="$parentShowCloak" inherits="InterfaceOptionsCheckButtonTemplate">
				<Anchors>
					<Anchor point="TOPLEFT" relativeTo="$parentSubText" relativePoint="BOTTOMLEFT">
						<Offset>
							<AbsDimension x="-2" y="-8"/>
						</Offset>
					</Anchor>
				</Anchors>
				<Scripts>
					<OnLoad>
						self.type = CONTROLTYPE_CHECKBOX;
						self.text = getglobal(self:GetName().."Text");
						self.text:SetText(SHOW_CLOAK);
						self.tooltipText = OPTION_TOOLTIP_SHOW_CLOAK;
						self.defaultValue = "1";
						BlizzardOptionsPanel_RegisterControl(self, self:GetParent());

						self.GetValue = function (self) return ( (ShowingCloak() and "1") or "0" ); end
						self.SetValue = function (self, value) self.value = value; self:SetChecked(value); ShowCloak(value); end
						self:RegisterEvent("PLAYER_FLAGS_CHANGED");
					</OnLoad>
					<OnClick>			
						local value = ((self:GetChecked() and "1") or "0")
						if ( value == "1" ) then
							PlaySound("igMainMenuOptionCheckBoxOn");
						else
							PlaySound("igMainMenuOptionCheckBoxOff");
						end			
						self:SetValue(value);
					</OnClick>
					<OnEvent>
						local arg1 = ...;
						if ( arg1 == "player" ) then
							self:SetChecked(ShowingCloak());
							self.value = ((ShowingCloak() and "1") or "0");
						end
					</OnEvent>
				</Scripts>
			</CheckButton>			
			<CheckButton name="$parentShowHelm" inherits="InterfaceOptionsCheckButtonTemplate">
				<Anchors>
					<Anchor point="TOPLEFT" relativeTo="$parentShowCloak" relativePoint="BOTTOMLEFT">
						<Offset>
							<AbsDimension x="0" y="-8"/>
						</Offset>
					</Anchor>
				</Anchors>
				<Scripts>
					<OnLoad>
						self.type = CONTROLTYPE_CHECKBOX;
						self.text = getglobal(self:GetName().."Text");
						self.text:SetText(SHOW_HELM);
						self.tooltipText = OPTION_TOOLTIP_SHOW_HELM;
						self.defaultValue = "1";
						BlizzardOptionsPanel_RegisterControl(self, self:GetParent());

						self.GetValue = function (self) return ( (ShowingHelm() and "1") or "0" ); end
						self.SetValue = function (self, value) self.value = value; self:SetChecked(value); ShowHelm(value); end		
						self:RegisterEvent("PLAYER_FLAGS_CHANGED");						
					</OnLoad>
					<OnClick>
						local value = ((self:GetChecked() and "1") or "0")
						if ( value == "1" ) then
							PlaySound("igMainMenuOptionCheckBoxOn");
						else
							PlaySound("igMainMenuOptionCheckBoxOff");
						end			
						self:SetValue(value);	
					</OnClick>
					<OnEvent>
						local arg1 = ...;
						if ( arg1 == "player" ) then
							self:SetChecked(ShowingHelm());
							self.value = ((ShowingHelm() and "1") or "0");
						end
					</OnEvent>
				</Scripts>
			</CheckButton>			
			<CheckButton name="$parentBuffDurations" inherits="InterfaceOptionsCheckButtonTemplate">
				<Anchors>
					<Anchor point="TOPLEFT" relativeTo="$parentShowHelm" relativePoint="BOTTOMLEFT">
						<Offset>
							<AbsDimension x="0" y="-8"/>
						</Offset>
					</Anchor>
				</Anchors>
				<Scripts>
					<OnLoad>
						self.type = CONTROLTYPE_CHECKBOX;
						self.cvar = "buffDurations";
						self.uvar = "SHOW_BUFF_DURATIONS";
						self.setFunc = function () BuffButtons_UpdatePositions(); end;
						BlizzardOptionsPanel_RegisterControl(self, self:GetParent());
					</OnLoad>
				</Scripts>
			</CheckButton>			
			<CheckButton name="$parentRotateMinimap" inherits="InterfaceOptionsCheckButtonTemplate">
				<Anchors>
					<Anchor point="TOPLEFT" relativeTo="$parentBuffDurations" relativePoint="BOTTOMLEFT">
						<Offset>
							<AbsDimension x="0" y="-8"/>
						</Offset>
					</Anchor>
				</Anchors>
				<Scripts>
					<OnLoad>
						self.type = CONTROLTYPE_CHECKBOX;
						self.cvar = "rotateMinimap";
						self.setFunc = function () Minimap_UpdateRotationSetting(); end;
						BlizzardOptionsPanel_RegisterControl(self, self:GetParent());
					</OnLoad>
				</Scripts>
			</CheckButton>			
			<CheckButton name="$parentScreenEdgeFlash" inherits="InterfaceOptionsCheckButtonTemplate">
				<Anchors>
					<Anchor point="TOPLEFT" relativeTo="$parentRotateMinimap" relativePoint="BOTTOMLEFT">
						<Offset>
							<AbsDimension x="0" y="-8"/>
						</Offset>
					</Anchor>
				</Anchors>
				<Scripts>
					<OnLoad>
						self.type = CONTROLTYPE_CHECKBOX;
						self.cvar = "screenEdgeFlash";
						BlizzardOptionsPanel_RegisterControl(self, self:GetParent());
					</OnLoad>
				</Scripts>
			</CheckButton>			
			<CheckButton name="$parentDetailedLootInfo" inherits="InterfaceOptionsCheckButtonTemplate">
				<Anchors>
					<Anchor point="TOPLEFT" relativeTo="$parentScreenEdgeFlash" relativePoint="BOTTOMLEFT">
						<Offset>
							<AbsDimension x="0" y="-8"/>
						</Offset>
					</Anchor>
				</Anchors>
				<Scripts>
					<OnLoad>
						self.type = CONTROLTYPE_CHECKBOX;
						self.cvar = "showLootSpam";
						BlizzardOptionsPanel_RegisterControl(self, self:GetParent());
					</OnLoad>
				</Scripts>
			</CheckButton>			
			<CheckButton name="$parentShowFreeBagSpace" inherits="InterfaceOptionsCheckButtonTemplate">
				<Anchors>
					<Anchor point="TOPLEFT" relativeTo="$parentDetailedLootInfo" relativePoint="BOTTOMLEFT">
						<Offset>
							<AbsDimension x="0" y="-8"/>
						</Offset>
					</Anchor>
				</Anchors>
				<Scripts>
					<OnLoad>
						self.type = CONTROLTYPE_CHECKBOX;
						self.cvar = "displayFreeBagSlots";
						BlizzardOptionsPanel_RegisterControl(self, self:GetParent());
					</OnLoad>
				</Scripts>
			</CheckButton>				
			<CheckButton name="$parentShowClock" inherits="InterfaceOptionsCheckButtonTemplate">
				<Anchors>
					<Anchor point="TOPLEFT" relativeTo="$parentSubText" relativePoint="BOTTOMRIGHT">
						<Offset>
							<AbsDimension x="-140" y="-8"/>
						</Offset>
					</Anchor>
				</Anchors>
				<Scripts>
					<OnLoad>
						self.type = CONTROLTYPE_CHECKBOX;
						self.cvar = "showClock";
						self.setFunc = InterfaceOptionsDisplayPanelShowClock_SetFunc;
						BlizzardOptionsPanel_RegisterControl(self, self:GetParent());
					</OnLoad>
				</Scripts>
			</CheckButton>
			<CheckButton name="$parentCinematicSubtitles" inherits="InterfaceOptionsCheckButtonTemplate">
				<Anchors>
					<Anchor point="TOPLEFT" relativeTo="$parentShowClock" relativePoint="BOTTOMLEFT">
						<Offset>
							<AbsDimension x="0" y="-8"/>
						</Offset>
					</Anchor>
				</Anchors>
				<Scripts>
					<OnLoad>
						self.type = CONTROLTYPE_CHECKBOX;
						self.cvar = "movieSubtitle";
						BlizzardOptionsPanel_RegisterControl(self, self:GetParent());
					</OnLoad>
				</Scripts>
			</CheckButton>				
			<!-- World PVP Objectives -->
			<Frame name="$parentWorldPVPObjectiveDisplay" inherits="UIDropDownMenuTemplate" enableMouse="true">
				<Anchors>
					<Anchor point="TOPLEFT" relativeTo="$parentShowFreeBagSpace" relativePoint="BOTTOMLEFT">
						<Offset>
							<AbsDimension x="-13" y="-24"/>
						</Offset>
					</Anchor>
				</Anchors>
				<Layers>
					<Layer level="BACKGROUND">
						<FontString name="$parentLabel" inherits="GameFontNormalSmall" text="WORLD_PVP_DISPLAY">
							<Anchors>
								<Anchor point="BOTTOMLEFT" relativePoint="TOPLEFT">
									<Offset>
										<AbsDimension x="16" y="3"/>
									</Offset>
								</Anchor>
							</Anchors>
						</FontString>
					</Layer>
				</Layers>
				<Scripts>
					<OnEnter>
						GameTooltip:SetOwner(self, "ANCHOR_TOPRIGHT");
						GameTooltip:SetText(self.tooltip, nil, nil, nil, nil, 1);
					</OnEnter>
					<OnLeave>
						GameTooltip:Hide();
					</OnLeave>
					<OnLoad>
						self.type = CONTROLTYPE_DROPDOWN;
						self:RegisterEvent("PLAYER_ENTERING_WORLD");
						BlizzardOptionsPanel_RegisterControl(self, self:GetParent());
					</OnLoad>
					<OnEvent>
						<!-- No, I don't think this name is long enough. Yes, I would name it something longer if I could. Hrm. I probably should have put DDL in there for a touch of hungarian.-->
						InterfaceOptionsDisplayPanelWorldPVPObjectiveDisplay_OnEvent(self, event, ...);
					</OnEvent>
				</Scripts>
			</Frame>
			<!-- Aggro Warning System -->
			<Frame name="$parentAggroWarningDisplay" inherits="UIDropDownMenuTemplate" enableMouse="true">
				<Anchors>
					<Anchor point="TOPLEFT" relativeTo="$parentCinematicSubtitles" relativePoint="BOTTOMLEFT">
						<Offset>
							<AbsDimension x="-13" y="-24"/>
						</Offset>
					</Anchor>
				</Anchors>
				<Layers>
					<Layer level="BACKGROUND">
						<FontString name="$parentLabel" inherits="GameFontNormalSmall" text="AGGRO_WARNING_DISPLAY">
							<Anchors>
								<Anchor point="BOTTOMLEFT" relativePoint="TOPLEFT">
									<Offset>
										<AbsDimension x="16" y="3"/>
									</Offset>
								</Anchor>
							</Anchors>
						</FontString>
					</Layer>
				</Layers>
				<Scripts>
					<OnEnter>
						GameTooltip:SetOwner(self, "ANCHOR_TOPRIGHT");
						GameTooltip:SetText(self.tooltip, nil, nil, nil, nil, 1);
					</OnEnter>
					<OnLeave>
						GameTooltip:Hide();
					</OnLeave>
					<OnLoad>
						self.type = CONTROLTYPE_DROPDOWN;
						self:RegisterEvent("PLAYER_ENTERING_WORLD");
						BlizzardOptionsPanel_RegisterControl(self, self:GetParent());
					</OnLoad>
					<OnEvent>
						InterfaceOptionsDisplayPanelAggroWarningDisplay_OnEvent(self, event, ...);
					</OnEvent>
				</Scripts>
			</Frame>
			<!-- Show aggro percentage numbers -->
			<CheckButton name="$parentShowAggroPercentage" inherits="InterfaceOptionsSmallCheckButtonTemplate">
				<Anchors>
					<Anchor point="TOPLEFT" relativeTo="InterfaceOptionsDisplayPanelAggroWarningDisplay" relativePoint="BOTTOMLEFT">
						<Offset>
							<AbsDimension x="13" y="0"/>
						</Offset>
					</Anchor>
				</Anchors>
				<Scripts>
					<OnLoad>
						self.type = CONTROLTYPE_CHECKBOX;
						self.cvar = "threatShowNumeric";
						self.setFunc = function() InterfaceOptionsDisplayPanelShowAggroPercentage_SetFunc(); end;
						BlizzardOptionsPanel_RegisterControl(self, self:GetParent());
					</OnLoad>
				</Scripts>
			</CheckButton>
		</Frames>
		<Scripts>
			<OnLoad>
				InterfaceOptionsDisplayPanel_OnLoad(self);
			</OnLoad>
		</Scripts>	
	</Frame>
	
	<!-- Quest panel -->
	
	<Frame name="InterfaceOptionsQuestsPanel" hidden="true" parent="InterfaceOptionsFramePanelContainer">
		<Layers>
			<Layer level="ARTWORK">
				<FontString name="$parentTitle" text="QUESTS_LABEL" inherits="GameFontNormalLarge" justifyH="LEFT" justifyV="TOP">
					<Anchors>
						<Anchor point="TOPLEFT">
							<Offset>
								<AbsDimension x="16" y="-16"/>
							</Offset>
						</Anchor>
					</Anchors>
				</FontString>
				<FontString name="$parentSubText" text="QUESTS_SUBTEXT" inherits="GameFontHighlightSmall" nonspacewrap="true" maxLines="3" justifyH="LEFT" justifyV="TOP">
					<Size>
						<AbsDimension y="32" x="0"/>
					</Size>
					<Anchors>
						<Anchor point="TOPLEFT" relativeTo="$parentTitle" relativePoint="BOTTOMLEFT">
							<Offset>
								<AbsDimension x="0" y="-8"/>
							</Offset>
						</Anchor>
						<Anchor point="RIGHT">
							<Offset>
								<AbsDimension x="-32" y="0"/>
							</Offset>
						</Anchor>
					</Anchors>
				</FontString>
			</Layer>
		</Layers>
		<Frames>
			<CheckButton name="$parentInstantQuestText" inherits="InterfaceOptionsCheckButtonTemplate">
				<Anchors>
					<Anchor point="TOPLEFT" relativeTo="$parentSubText" relativePoint="BOTTOMLEFT">
						<Offset>
							<AbsDimension x="-2" y="-8"/>
						</Offset>
					</Anchor>
				</Anchors>
				<Scripts>
					<OnLoad>
						self.type = CONTROLTYPE_CHECKBOX;
						self.cvar = "questFadingDisable";
						self.uvar = "QUEST_FADING_DISABLE";
						BlizzardOptionsPanel_RegisterControl(self, self:GetParent());
					</OnLoad>
				</Scripts>
			</CheckButton>			
			<CheckButton name="$parentAutoQuestTracking" inherits="InterfaceOptionsCheckButtonTemplate">
				<Anchors>
					<Anchor point="TOPLEFT" relativeTo="$parentInstantQuestText" relativePoint="BOTTOMLEFT">
						<Offset>
							<AbsDimension x="0" y="-8"/>
						</Offset>
					</Anchor>
				</Anchors>
				<Scripts>
					<OnLoad>
						self.type = CONTROLTYPE_CHECKBOX;
						self.cvar = "autoQuestWatch";
						self.uvar = "AUTO_QUEST_WATCH";
						BlizzardOptionsPanel_RegisterControl(self, self:GetParent());
					</OnLoad>
				</Scripts>
			</CheckButton>
		</Frames>
		<Scripts>
			<OnLoad>
				self.name = QUESTS_LABEL;
				self.options = QuestPanelOptions;
				InterfaceOptionsPanel_OnLoad(self);
			</OnLoad>
		</Scripts>	
	</Frame>
	
	<!-- Social panel -->
	
	<Frame name="InterfaceOptionsSocialPanel" hidden="true" parent="InterfaceOptionsFramePanelContainer">
		<Layers>
			<Layer level="ARTWORK">
				<FontString name="$parentTitle" text="SOCIAL_LABEL" inherits="GameFontNormalLarge" justifyH="LEFT" justifyV="TOP">
					<Anchors>
						<Anchor point="TOPLEFT">
							<Offset>
								<AbsDimension x="16" y="-16"/>
							</Offset>
						</Anchor>
					</Anchors>
				</FontString>
				<FontString name="$parentSubText" text="SOCIAL_SUBTEXT" inherits="GameFontHighlightSmall" nonspacewrap="true" maxLines="3" justifyH="LEFT" justifyV="TOP">
					<Size>
						<AbsDimension y="32" x="0"/>
					</Size>
					<Anchors>
						<Anchor point="TOPLEFT" relativeTo="$parentTitle" relativePoint="BOTTOMLEFT">
							<Offset>
								<AbsDimension x="0" y="-8"/>
							</Offset>
						</Anchor>
						<Anchor point="RIGHT">
							<Offset>
								<AbsDimension x="-32" y="0"/>
							</Offset>
						</Anchor>
					</Anchors>
				</FontString>
			</Layer>
		</Layers>
		<Frames>
			<CheckButton name="$parentProfanityFilter" inherits="InterfaceOptionsCheckButtonTemplate">
				<Anchors>
					<Anchor point="TOPLEFT" relativeTo="$parentSubText" relativePoint="BOTTOMLEFT">
						<Offset>
							<AbsDimension x="-2" y="-8"/>
						</Offset>
					</Anchor>
				</Anchors>
				<Scripts>
					<OnLoad>
						self.type = CONTROLTYPE_CHECKBOX;
						self.cvar = "profanityFilter";
						BlizzardOptionsPanel_RegisterControl(self, self:GetParent());
					</OnLoad>
				</Scripts>
			</CheckButton>		
			<CheckButton name="$parentChatBubbles" inherits="InterfaceOptionsCheckButtonTemplate">
				<Anchors>
					<Anchor point="TOPLEFT" relativeTo="$parentProfanityFilter" relativePoint="BOTTOMLEFT">
						<Offset>
							<AbsDimension x="0" y="-6"/>
						</Offset>
					</Anchor>
				</Anchors>
				<Scripts>
					<OnLoad>
						self.type = CONTROLTYPE_CHECKBOX;
						self.cvar = "chatBubbles";
						BlizzardOptionsPanel_RegisterControl(self, self:GetParent());
					</OnLoad>
				</Scripts>
			</CheckButton>			
			<CheckButton name="$parentPartyChat" inherits="InterfaceOptionsCheckButtonTemplate">
				<Anchors>
					<Anchor point="TOPLEFT" relativeTo="$parentChatBubbles" relativePoint="BOTTOMLEFT">
						<Offset>
							<AbsDimension x="0" y="-6"/>
						</Offset>
					</Anchor>
				</Anchors>
				<Scripts>
					<OnLoad>
						self.type = CONTROLTYPE_CHECKBOX;
						self.cvar = "chatBubblesParty";
						BlizzardOptionsPanel_RegisterControl(self, self:GetParent());
					</OnLoad>
				</Scripts>
			</CheckButton>
			<CheckButton name="$parentSpamFilter" inherits="InterfaceOptionsCheckButtonTemplate">
				<Anchors>
					<Anchor point="TOPLEFT" relativeTo="$parentPartyChat" relativePoint="BOTTOMLEFT">
						<Offset>
							<AbsDimension x="0" y="-6"/>
						</Offset>
					</Anchor>
				</Anchors>
				<Scripts>
					<OnLoad>
						self.type = CONTROLTYPE_CHECKBOX;
						self.invert = true;
						self.cvar = "spamFilter";
						BlizzardOptionsPanel_RegisterControl(self, self:GetParent());
					</OnLoad>
				</Scripts>
			</CheckButton>
			<CheckButton name="$parentChatHoverDelay" inherits="InterfaceOptionsCheckButtonTemplate">
				<Anchors>
					<Anchor point="TOPLEFT" relativeTo="$parentSpamFilter" relativePoint="BOTTOMLEFT">
						<Offset>
							<AbsDimension x="0" y="-6"/>
						</Offset>
					</Anchor>
				</Anchors>
				<Scripts>
					<OnLoad>
						self.type = CONTROLTYPE_CHECKBOX;
						self.cvar = "removeChatDelay";
						self.uvar = "REMOVE_CHAT_DELAY";
						BlizzardOptionsPanel_RegisterControl(self, self:GetParent());
					</OnLoad>
				</Scripts>
			</CheckButton>
			<CheckButton name="$parentGuildMemberAlert" inherits="InterfaceOptionsCheckButtonTemplate">
				<Anchors>
					<Anchor point="TOPLEFT" relativeTo="$parentChatHoverDelay" relativePoint="BOTTOMLEFT">
						<Offset>
							<AbsDimension x="0" y="-6"/>
						</Offset>
					</Anchor>
				</Anchors>
				<Scripts>
					<OnLoad>
						self.type = CONTROLTYPE_CHECKBOX;
						self.cvar = "guildMemberNotify";
						BlizzardOptionsPanel_RegisterControl(self, self:GetParent());
					</OnLoad>
				</Scripts>
			</CheckButton>
			<CheckButton name="$parentGuildRecruitment" inherits="InterfaceOptionsCheckButtonTemplate">
				<Anchors>
					<Anchor point="TOPLEFT" relativeTo="$parentGuildMemberAlert" relativePoint="BOTTOMLEFT">
						<Offset>
							<AbsDimension x="0" y="-6"/>
						</Offset>
					</Anchor>
				</Anchors>
				<Scripts>
					<OnLoad>
						self.type = CONTROLTYPE_CHECKBOX;
						self.cvar = "guildRecruitmentChannel";
						BlizzardOptionsPanel_RegisterControl(self, self:GetParent());
					</OnLoad>
				</Scripts>
			</CheckButton>
			<CheckButton name="$parentShowChatIcons" inherits="InterfaceOptionsCheckButtonTemplate">
				<Anchors>
					<Anchor point="TOPLEFT" relativeTo="$parentGuildRecruitment" relativePoint="BOTTOMLEFT">
						<Offset>
							<AbsDimension x="0" y="-6"/>
						</Offset>
					</Anchor>
				</Anchors>
				<Scripts>
					<OnLoad>
						self.type = CONTROLTYPE_CHECKBOX;
						self.cvar = "showChatIcons";
						self.setFunc = function (value) CHAT_SHOW_ICONS = value; end
						BlizzardOptionsPanel_RegisterControl(self, self:GetParent());
					</OnLoad>
				</Scripts>
			</CheckButton>		
			<CheckButton name="$parentSimpleChat" inherits="InterfaceOptionsCheckButtonTemplate">				
				<Anchors>
					<Anchor point="TOPLEFT" relativeTo="$parentShowChatIcons" relativePoint="BOTTOMLEFT">
						<Offset>
							<AbsDimension x="0" y="-6"/>
						</Offset>
					</Anchor>
				</Anchors>
				<Scripts>
					<OnLoad>
						self.type = CONTROLTYPE_CHECKBOX;
						self.cvar = "useSimpleChat";
						self.uvar = "SIMPLE_CHAT";
						BlizzardOptionsPanel_RegisterControl(self, self:GetParent());
					</OnLoad>
				</Scripts>
			</CheckButton>			
			<CheckButton name="$parentLockChatSettings" inherits="InterfaceOptionsCheckButtonTemplate">
				<Anchors>
					<Anchor point="TOPLEFT" relativeTo="$parentSimpleChat" relativePoint="BOTTOMLEFT">
						<Offset>
							<AbsDimension x="0" y="-6"/>
						</Offset>
					</Anchor>
				</Anchors>
				<Scripts>
					<OnLoad>
						self.type = CONTROLTYPE_CHECKBOX;
						self.cvar = "chatLocked";
						self.uvar = "CHAT_LOCKED";
						BlizzardOptionsPanel_RegisterControl(self, self:GetParent());
					</OnLoad>
				</Scripts>
			</CheckButton>			
		</Frames>
		<Scripts>
			<OnLoad>
				InterfaceOptionsSocialPanel_OnLoad(self);
			</OnLoad>
			<OnEvent>
				InterfaceOptionsSocialPanel_OnEvent(self, event, ...);
			</OnEvent>
		</Scripts>	
	</Frame>
	
	<!-- ActionBars panel -->
	
	<Frame name="InterfaceOptionsActionBarsPanel" hidden="true" parent="InterfaceOptionsFramePanelContainer">
		<Layers>
			<Layer level="ARTWORK">
				<FontString name="$parentTitle" text="ACTIONBARS_LABEL" inherits="GameFontNormalLarge" justifyH="LEFT" justifyV="TOP">
					<Anchors>
						<Anchor point="TOPLEFT">
							<Offset>
								<AbsDimension x="16" y="-16"/>
							</Offset>
						</Anchor>
					</Anchors>
				</FontString>
				<FontString name="$parentSubText" text="ACTIONBARS_SUBTEXT" inherits="GameFontHighlightSmall" nonspacewrap="true" maxLines="4" justifyH="LEFT" justifyV="TOP">
					<Size>
						<AbsDimension y="32" x="0"/>
					</Size>
					<Anchors>
						<Anchor point="TOPLEFT" relativeTo="$parentTitle" relativePoint="BOTTOMLEFT">
							<Offset>
								<AbsDimension x="0" y="-8"/>
							</Offset>
						</Anchor>
						<Anchor point="RIGHT">
							<Offset>
								<AbsDimension x="-32" y="0"/>
							</Offset>
						</Anchor>
					</Anchors>
				</FontString>
			</Layer>
		</Layers>
		<Frames>
			<CheckButton name="$parentBottomLeft" inherits="InterfaceOptionsCheckButtonTemplate">
				<Anchors>
					<Anchor point="TOPLEFT" relativeTo="$parentSubText" relativePoint="BOTTOMLEFT">
						<Offset>
							<AbsDimension x="-2" y="-8"/>
						</Offset>
					</Anchor>
				</Anchors>
				<Scripts>
					<OnLoad>
						self.type = CONTROLTYPE_CHECKBOX;
						self.label = "bottomLeftActionBar";
						self.uvar = "SHOW_MULTI_ACTIONBAR_1";
						self.setFunc = InterfaceOptions_UpdateMultiActionBars;
						self.GetValue = function () return self.value or ((select(1, GetActionBarToggles()) and "1") or "0"); end;
						BlizzardOptionsPanel_RegisterControl(self, self:GetParent());
					</OnLoad>
				</Scripts>
			</CheckButton>
			<CheckButton name="$parentBottomRight" inherits="InterfaceOptionsCheckButtonTemplate">
				<Anchors>
					<Anchor point="TOPLEFT" relativeTo="$parentBottomLeft" relativePoint="BOTTOMLEFT">
						<Offset>
							<AbsDimension x="0" y="-8"/>
						</Offset>
					</Anchor>
				</Anchors>
				<Scripts>
					<OnLoad>
						self.type = CONTROLTYPE_CHECKBOX;
						self.label = "bottomRightActionBar";
						self.uvar = "SHOW_MULTI_ACTIONBAR_2";
						self.setFunc = InterfaceOptions_UpdateMultiActionBars;
						self.GetValue = function () return self.value or ((select(2, GetActionBarToggles()) and "1") or "0"); end;
						BlizzardOptionsPanel_RegisterControl(self, self:GetParent());
					</OnLoad>
				</Scripts>
			</CheckButton>
			<CheckButton name="$parentRight" inherits="InterfaceOptionsCheckButtonTemplate">
				<Anchors>
					<Anchor point="TOPLEFT" relativeTo="$parentBottomRight" relativePoint="BOTTOMLEFT">
						<Offset>
							<AbsDimension x="0" y="-8"/>
						</Offset>
					</Anchor>
				</Anchors>
				<Scripts>
					<OnLoad>
						self.type = CONTROLTYPE_CHECKBOX;
						self.label = "rightActionBar";
						self.uvar = "SHOW_MULTI_ACTIONBAR_3";
						self.setFunc = InterfaceOptions_UpdateMultiActionBars;
						self.GetValue = function () return self.value or ((select(3, GetActionBarToggles()) and "1") or "0"); end;
						BlizzardOptionsPanel_RegisterControl(self, self:GetParent());
					</OnLoad>
				</Scripts>
			</CheckButton>
			<CheckButton name="$parentRightTwo" inherits="InterfaceOptionsCheckButtonTemplate">
				<Anchors>
					<Anchor point="TOPLEFT" relativeTo="$parentRight" relativePoint="BOTTOMLEFT">
						<Offset>
							<AbsDimension x="16" y="-8"/>
						</Offset>
					</Anchor>
				</Anchors>
				<Scripts>
					<OnLoad>
						self.type = CONTROLTYPE_CHECKBOX;
						self.label = "rightTwoActionBar";
						self.uvar = "SHOW_MULTI_ACTIONBAR_4";
						self.setFunc = InterfaceOptions_UpdateMultiActionBars;
						self.GetValue = function () return self.value or ((select(4, GetActionBarToggles()) and "1") or "0"); end;
						BlizzardOptionsPanel_RegisterControl(self, self:GetParent());
						BlizzardOptionsPanel_SetupDependentControl(InterfaceOptionsActionBarsPanelRight, self);
					</OnLoad>
				</Scripts>
			</CheckButton>
			<CheckButton name="$parentLockActionBars" inherits="InterfaceOptionsCheckButtonTemplate">
				<Anchors>
					<Anchor point="TOPLEFT" relativeTo="$parentSubText" relativePoint="BOTTOMRIGHT">
						<Offset>
							<AbsDimension x="-174" y="-8"/>
						</Offset>
					</Anchor>
				</Anchors>
				<Scripts>
					<OnLoad>
						self.type = CONTROLTYPE_CHECKBOX;
						self.cvar = "lockActionBars";
						self.uvar = "LOCK_ACTIONBAR";
						self.setFunc = InterfaceOptions_UpdateMultiActionBars;
						BlizzardOptionsPanel_RegisterControl(self, self:GetParent());
					</OnLoad>
				</Scripts>
			</CheckButton>
			<CheckButton name="$parentAlwaysShowActionBars" inherits="InterfaceOptionsCheckButtonTemplate">
				<Anchors>
					<Anchor point="TOPLEFT" relativeTo="$parentLockActionBars" relativePoint="BOTTOMLEFT">
						<Offset>
							<AbsDimension x="0" y="-8"/>
						</Offset>
					</Anchor>
				</Anchors>
				<Scripts>
					<OnLoad>
						self.type = CONTROLTYPE_CHECKBOX;
						self.cvar = "alwaysShowActionBars";
						self.uvar = "ALWAYS_SHOW_MULTIBARS";
						self.setFunc = function() MultiActionBar_UpdateGridVisibility(); InterfaceOptions_UpdateMultiActionBars(); end;
						BlizzardOptionsPanel_RegisterControl(self, self:GetParent());
					</OnLoad>
				</Scripts>
			</CheckButton>
			<CheckButton name="$parentSecureAbilityToggle" inherits="InterfaceOptionsCheckButtonTemplate">
				<Anchors>
					<Anchor point="TOPLEFT" relativeTo="$parentAlwaysShowActionBars" relativePoint="BOTTOMLEFT">
						<Offset>
							<AbsDimension x="0" y="-8"/>
						</Offset>
					</Anchor>
				</Anchors>
				<Scripts>
					<OnLoad>
						self.type = CONTROLTYPE_CHECKBOX;
						self.cvar = "secureAbilityToggle";
						BlizzardOptionsPanel_RegisterControl(self, self:GetParent());
					</OnLoad>
				</Scripts>
			</CheckButton>			
		</Frames>
		<Scripts>
			<OnLoad>
				InterfaceOptionsActionBarsPanel_OnLoad(self);
			</OnLoad>
			<OnEvent>
				InterfaceOptionsActionBarsPanel_OnEvent(self, event, ...);
			</OnEvent>
		</Scripts>	
	</Frame>
	
	<!-- Names panel -->
	
	<Frame name="InterfaceOptionsNamesPanel" hidden="true" parent="InterfaceOptionsFramePanelContainer">
		<Layers>
			<Layer level="ARTWORK">
				<FontString name="$parentTitle" text="NAMES_LABEL" inherits="GameFontNormalLarge" justifyH="LEFT" justifyV="TOP">
					<Anchors>
						<Anchor point="TOPLEFT">
							<Offset>
								<AbsDimension x="16" y="-16"/>
							</Offset>
						</Anchor>
					</Anchors>
				</FontString>
				<FontString name="$parentSubText" text="NAMES_SUBTEXT" inherits="GameFontHighlightSmall" nonspacewrap="true" maxLines="3" justifyH="LEFT" justifyV="TOP">
					<Size>
						<AbsDimension y="32" x="0"/>
					</Size>
					<Anchors>
						<Anchor point="TOPLEFT" relativeTo="$parentTitle" relativePoint="BOTTOMLEFT">
							<Offset>
								<AbsDimension x="0" y="-8"/>
							</Offset>
						</Anchor>
						<Anchor point="RIGHT">
							<Offset>
								<AbsDimension x="-32" y="0"/>
							</Offset>
						</Anchor>
					</Anchors>
				</FontString>
			</Layer>
		</Layers>
		<Frames>
			<CheckButton name="$parentMyName" inherits="InterfaceOptionsCheckButtonTemplate">
				<Anchors>
					<Anchor point="TOPLEFT" relativeTo="$parentSubText" relativePoint="BOTTOMLEFT">
						<Offset>
							<AbsDimension x="-2" y="-8"/>
						</Offset>
					</Anchor>
				</Anchors>
				<Scripts>
					<OnLoad>
						self.type = CONTROLTYPE_CHECKBOX;
						self.cvar = "UnitNameOwn";
						BlizzardOptionsPanel_RegisterControl(self, self:GetParent());
					</OnLoad>
				</Scripts>
			</CheckButton>		
			<CheckButton name="$parentNPCNames" inherits="InterfaceOptionsCheckButtonTemplate">
				<Anchors>
					<Anchor point="TOPLEFT" relativeTo="$parentMyName" relativePoint="BOTTOMLEFT">
						<Offset>
							<AbsDimension x="0" y="-8"/>
						</Offset>
					</Anchor>
				</Anchors>
				<Scripts>
					<OnLoad>
						self.type = CONTROLTYPE_CHECKBOX;
						self.cvar = "UnitNameNPC";
						BlizzardOptionsPanel_RegisterControl(self, self:GetParent());
					</OnLoad>
				</Scripts>
			</CheckButton>				
			<CheckButton name="$parentCompanions" inherits="InterfaceOptionsCheckButtonTemplate">
				<Anchors>
					<Anchor point="TOPLEFT" relativeTo="$parentNPCNames" relativePoint="BOTTOMLEFT">
						<Offset>
							<AbsDimension x="0" y="-8"/>
						</Offset>
					</Anchor>
				</Anchors>
				<Scripts>
					<OnLoad>
						self.type = CONTROLTYPE_CHECKBOX;
						self.cvar = "UnitNameCompanionName";
						BlizzardOptionsPanel_RegisterControl(self, self:GetParent());
					</OnLoad>
				</Scripts>
			</CheckButton>		
			<CheckButton name="$parentGuilds" inherits="InterfaceOptionsCheckButtonTemplate">
				<Anchors>
					<Anchor point="TOPLEFT" relativeTo="$parentCompanions" relativePoint="BOTTOMLEFT">
						<Offset>
							<AbsDimension x="0" y="-8"/>
						</Offset>
					</Anchor>
				</Anchors>
				<Scripts>
					<OnLoad>
						self.type = CONTROLTYPE_CHECKBOX;
						self.cvar = "UnitNamePlayerGuild";
						BlizzardOptionsPanel_RegisterControl(self, self:GetParent());
					</OnLoad>
				</Scripts>
			</CheckButton>		
			<CheckButton name="$parentTitles" inherits="InterfaceOptionsCheckButtonTemplate">
				<Anchors>
					<Anchor point="TOPLEFT" relativeTo="$parentGuilds" relativePoint="BOTTOMLEFT">
						<Offset>
							<AbsDimension x="0" y="-8"/>
						</Offset>
					</Anchor>
				</Anchors>
				<Scripts>
					<OnLoad>
						self.type = CONTROLTYPE_CHECKBOX;
						self.cvar = "UnitNamePlayerPVPTitle";
						BlizzardOptionsPanel_RegisterControl(self, self:GetParent());
					</OnLoad>
				</Scripts>
			</CheckButton>		
			<Frame name="$parentFriendly">
				<Size>
					<AbsDimension x="135" y="75"/>
				</Size>
				<Anchors>
					<Anchor point="TOPRIGHT" relativeTo="$parentSubText" relativePoint="BOTTOMRIGHT">
						<Offset>
							<AbsDimension x="-16" y="-8"/>
						</Offset>
					</Anchor>
				</Anchors>
				<Frames>	
					<CheckButton name="$parentPlayerNames" inherits="InterfaceOptionsCheckButtonTemplate">
						<Anchors>
							<Anchor point="TOPLEFT" relativeTo="$parent" relativePoint="TOPLEFT">
								<Offset>
									<AbsDimension x="0" y="0"/>
								</Offset>
							</Anchor>
						</Anchors>
						<Scripts>
							<OnLoad>
								self.type = CONTROLTYPE_CHECKBOX;
								self.cvar = "UnitNameFriendlyPlayerName";
								BlizzardOptionsPanel_RegisterControl(self, self:GetParent():GetParent());
							</OnLoad>
						</Scripts>
					</CheckButton>		
					<CheckButton name="$parentPetsMinions" inherits="InterfaceOptionsCheckButtonTemplate">
						<Anchors>
							<Anchor point="TOPLEFT" relativeTo="$parentPlayerNames" relativePoint="BOTTOMLEFT">
								<Offset>
									<AbsDimension x="16" y="-8"/>
								</Offset>
							</Anchor>
						</Anchors>
						<Scripts>
							<OnLoad>
								self.type = CONTROLTYPE_CHECKBOX;
								self.cvar = "UnitNameFriendlyPetName";
								BlizzardOptionsPanel_RegisterControl(self, self:GetParent():GetParent());
								<!-- No longer a dependent control -->
								<!-- BlizzardOptionsPanel_SetupDependentControl(InterfaceOptionsNamesPanelFriendlyPlayerNames, self); -->
							</OnLoad>
						</Scripts>
					</CheckButton>		
					<CheckButton name="$parentCreations" inherits="InterfaceOptionsCheckButtonTemplate">
						<Anchors>
							<Anchor point="TOPLEFT" relativeTo="$parentPetsMinions" relativePoint="BOTTOMLEFT">
								<Offset>
									<AbsDimension x="0" y="-8"/>
								</Offset>
							</Anchor>
						</Anchors>
						<Scripts>
							<OnLoad>
								self.type = CONTROLTYPE_CHECKBOX;
								self.cvar = "UnitNameFriendlyCreationName";
								BlizzardOptionsPanel_RegisterControl(self, self:GetParent():GetParent());
								<!-- No longer a dependent control -->
								<!-- BlizzardOptionsPanel_SetupDependentControl(InterfaceOptionsNamesPanelFriendlyPlayerNames, self); -->
							</OnLoad>
						</Scripts>
					</CheckButton>		
				</Frames>
			</Frame>
			<Frame name="$parentEnemy">
				<Size>
					<AbsDimension x="135" y="75"/>
				</Size>
				<Anchors>
					<Anchor point="TOPRIGHT" relativeTo="$parentFriendly" relativePoint="BOTTOMRIGHT">
						<Offset>
							<AbsDimension x="0" y="-27"/>
						</Offset>
					</Anchor>
				</Anchors>
				<Frames>
					<CheckButton name="$parentPlayerNames" inherits="InterfaceOptionsCheckButtonTemplate">
						<Anchors>
							<Anchor point="TOPLEFT" relativeTo="$parent" relativePoint="TOPLEFT">
								<Offset>
									<AbsDimension x="0" y="0"/>
								</Offset>
							</Anchor>
						</Anchors>
						<Scripts>
							<OnLoad>
								self.type = CONTROLTYPE_CHECKBOX;
								self.cvar = "UnitNameEnemyPlayerName";
								BlizzardOptionsPanel_RegisterControl(self, self:GetParent():GetParent());
							</OnLoad>
						</Scripts>
					</CheckButton>		
					<CheckButton name="$parentPetsMinions" inherits="InterfaceOptionsCheckButtonTemplate">
						<Anchors>
							<Anchor point="TOPLEFT" relativeTo="$parentPlayerNames" relativePoint="BOTTOMLEFT">
								<Offset>
									<AbsDimension x="16" y="-8"/>
								</Offset>
							</Anchor>
						</Anchors>
						<Scripts>
							<OnLoad>
								self.type = CONTROLTYPE_CHECKBOX;
								self.cvar = "UnitNameEnemyPetName";
								BlizzardOptionsPanel_RegisterControl(self, self:GetParent():GetParent());
								<!-- No longer a dependent control -->
								<!-- BlizzardOptionsPanel_SetupDependentControl(InterfaceOptionsNamesPanelEnemyPlayerNames, self); -->
							</OnLoad>
						</Scripts>
					</CheckButton>		
					<CheckButton name="$parentCreations" inherits="InterfaceOptionsCheckButtonTemplate">
						<Anchors>
							<Anchor point="TOPLEFT" relativeTo="$parentPetsMinions" relativePoint="BOTTOMLEFT">
								<Offset>
									<AbsDimension x="0" y="-8"/>
								</Offset>
							</Anchor>
						</Anchors>
						<Scripts>
							<OnLoad>
								self.type = CONTROLTYPE_CHECKBOX;
								self.cvar = "UnitNameEnemyCreationName";
								BlizzardOptionsPanel_RegisterControl(self, self:GetParent():GetParent());
								<!-- No longer a dependent control -->
								<!-- BlizzardOptionsPanel_SetupDependentControl(InterfaceOptionsNamesPanelEnemyPlayerNames, self); -->
							</OnLoad>
						</Scripts>
					</CheckButton>		
				</Frames>
			</Frame>
		</Frames>
		<Scripts>
			<OnLoad>
				self.name = NAMES_LABEL;
				self.options = NamePanelOptions;
				InterfaceOptionsPanel_OnLoad(self);
			</OnLoad>
		</Scripts>	
	</Frame>
	
	<!-- Combat Text panel -->
	
	<Frame name="InterfaceOptionsCombatTextPanel" hidden="true" parent="InterfaceOptionsFramePanelContainer">
		<Layers>
			<Layer level="ARTWORK">
				<FontString name="$parentTitle" text="COMBATTEXT_LABEL" inherits="GameFontNormalLarge" justifyH="LEFT" justifyV="TOP">
					<Anchors>
						<Anchor point="TOPLEFT">
							<Offset>
								<AbsDimension x="16" y="-16"/>
							</Offset>
						</Anchor>
					</Anchors>
				</FontString>
				<FontString name="$parentSubText" text="COMBATTEXT_SUBTEXT" inherits="GameFontHighlightSmall" nonspacewrap="true" maxLines="3" justifyH="LEFT" justifyV="TOP">
					<Size>
						<AbsDimension y="32" x="0"/>
					</Size>
					<Anchors>
						<Anchor point="TOPLEFT" relativeTo="$parentTitle" relativePoint="BOTTOMLEFT">
							<Offset>
								<AbsDimension x="0" y="-8"/>
							</Offset>
						</Anchor>
						<Anchor point="RIGHT">
							<Offset>
								<AbsDimension x="-32" y="0"/>
							</Offset>
						</Anchor>
					</Anchors>
				</FontString>
			</Layer>
		</Layers>
		<Frames>
			<CheckButton name="$parentTargetDamage" inherits="InterfaceOptionsCheckButtonTemplate">
				<Anchors>				
					<Anchor point="TOPLEFT" relativeTo="$parentSubText" relativePoint="BOTTOMLEFT">
						<Offset>
							<AbsDimension x="-2" y="-8"/>
						</Offset>
					</Anchor>
				</Anchors>
				<Scripts>
					<OnLoad>
						self.type = CONTROLTYPE_CHECKBOX;
						self.cvar = "CombatDamage";
						BlizzardOptionsPanel_RegisterControl(self, self:GetParent());
					</OnLoad>
				</Scripts>
			</CheckButton>	
			<CheckButton name="$parentPeriodicDamage" inherits="InterfaceOptionsSmallCheckButtonTemplate">
				<Anchors>
					<Anchor point="TOPLEFT" relativeTo="$parentTargetDamage" relativePoint="BOTTOMLEFT">
						<Offset>
							<AbsDimension x="16" y="-2"/>
						</Offset>
					</Anchor>
				</Anchors>
				<Scripts>
					<OnLoad>
						self.type = CONTROLTYPE_CHECKBOX;
						self.cvar = "CombatLogPeriodicSpells";
						BlizzardOptionsPanel_RegisterControl(self, self:GetParent());
						BlizzardOptionsPanel_SetupDependentControl(InterfaceOptionsCombatTextPanelTargetDamage, self);
					</OnLoad>
				</Scripts>
			</CheckButton>	
			<CheckButton name="$parentPetDamage" inherits="InterfaceOptionsSmallCheckButtonTemplate">
				<Anchors>
					<Anchor point="TOPLEFT" relativeTo="$parentPeriodicDamage" relativePoint="BOTTOMLEFT">
						<Offset>
							<AbsDimension x="0" y="4"/>
						</Offset>
					</Anchor>
				</Anchors>
				<Scripts>
					<OnLoad>
						self.type = CONTROLTYPE_CHECKBOX;
						self.cvar = "PetMeleeDamage";
						self.setFunc = function (value) SetCVar("PetSpellDamage", value); end;
						BlizzardOptionsPanel_RegisterControl(self, self:GetParent());
						BlizzardOptionsPanel_SetupDependentControl(InterfaceOptionsCombatTextPanelTargetDamage, self);
					</OnLoad>
				</Scripts>
			</CheckButton>	
			<CheckButton name="$parentHealing" inherits="InterfaceOptionsCheckButtonTemplate">
				<Anchors>
					<Anchor point="TOPLEFT" relativeTo="$parentPetDamage" relativePoint="BOTTOMLEFT">
						<Offset>
							<AbsDimension x="-16" y="-2"/>
						</Offset>
					</Anchor>
				</Anchors>
				<Scripts>
					<OnLoad>
						self.type = CONTROLTYPE_CHECKBOX;
						self.cvar = "CombatHealing";
						BlizzardOptionsPanel_RegisterControl(self, self:GetParent());
					</OnLoad>
				</Scripts>
			</CheckButton>	
			<CheckButton name="$parentTargetEffects" inherits="InterfaceOptionsCheckButtonTemplate">
				<Anchors>				
					<Anchor point="TOPLEFT" relativeTo="$parentSubText" relativePoint="BOTTOMLEFT">
						<Offset>
							<AbsDimension x="173" y="-8"/>
						</Offset>
					</Anchor>
				</Anchors>
				<Scripts>
					<OnLoad>
						self.type = CONTROLTYPE_CHECKBOX;
						self.cvar = "fctSpellMechanics";
						BlizzardOptionsPanel_RegisterControl(self, self:GetParent());
					</OnLoad>
				</Scripts>
			</CheckButton>	
			<CheckButton name="$parentOtherTargetEffects" inherits="InterfaceOptionsSmallCheckButtonTemplate">
				<Anchors>
					<Anchor point="TOPLEFT" relativeTo="$parentTargetEffects" relativePoint="BOTTOMLEFT">
						<Offset>
							<AbsDimension x="16" y="-2"/>
						</Offset>
					</Anchor>
				</Anchors>
				<Scripts>
					<OnLoad>
						self.type = CONTROLTYPE_CHECKBOX;
						self.cvar = "fctSpellMechanicsOther";
						BlizzardOptionsPanel_RegisterControl(self, self:GetParent());
						BlizzardOptionsPanel_SetupDependentControl(InterfaceOptionsCombatTextPanelTargetEffects, self);
					</OnLoad>
				</Scripts>
			</CheckButton>	
			<CheckButton name="$parentEnableFCT" inherits="InterfaceOptionsCheckButtonTemplate">
				<Anchors>
					<Anchor point="TOPLEFT" relativeTo="$parentHealing" relativePoint="BOTTOMLEFT">
						<Offset>
							<AbsDimension x="0" y="-2"/>
						</Offset>
					</Anchor>
				</Anchors>
				<Scripts>
					<OnLoad>
						self.type = CONTROLTYPE_CHECKBOX;
						self.cvar = "enableCombatText";
						self.uvar = "SHOW_COMBAT_TEXT";
						self.setFunc = function (value)
							if ( value == "1" and not IsAddOnLoaded("Blizzard_CombatText") ) then
								UIParentLoadAddOn("Blizzard_CombatText");
							end
							BlizzardOptionsPanel_UpdateCombatText();
						end
						BlizzardOptionsPanel_RegisterControl(self, self:GetParent());
					</OnLoad>
				</Scripts>
			</CheckButton>
			<Frame name="$parentFCTDropDown" inherits="UIDropDownMenuTemplate" enableMouse="true">
				<Anchors>
					<Anchor point="LEFT" relativeTo="$parentEnableFCT" relativePoint="RIGHT">
						<Offset>
							<AbsDimension x="155" y="-159"/>
						</Offset>
					</Anchor>
				</Anchors>
				<Layers>
					<Layer level="BACKGROUND">
						<FontString name="$parentLabel" inherits="GameFontHighlightSmall" text="MODE">
							<Anchors>
								<Anchor point="BOTTOMLEFT" relativePoint="TOPLEFT">
									<Offset>
										<AbsDimension x="16" y="3"/>
									</Offset>
								</Anchor>
							</Anchors>
						</FontString>
					</Layer>
				</Layers>
				<Scripts>
					<OnLoad>
						self.type = CONTROLTYPE_DROPDOWN;
						self:RegisterEvent("PLAYER_ENTERING_WORLD");
						BlizzardOptionsPanel_RegisterControl(self, self:GetParent());
						BlizzardOptionsPanel_SetupDependentControl(InterfaceOptionsCombatTextPanelEnableFCT, self);
					</OnLoad>
					<OnEnter>
						if ( not self.isDisabled ) then
							GameTooltip:SetOwner(self, "ANCHOR_TOPRIGHT");
							GameTooltip:SetText(self.tooltip, nil, nil, nil, nil, 1);
						end
					</OnEnter>
					<OnEvent>
						InterfaceOptionsCombatTextPanelFCTDropDown_OnEvent(self, event, ...);
					</OnEvent>
					<OnLeave>
						GameTooltip:Hide();
					</OnLeave>
				</Scripts>
			</Frame>
			<CheckButton name="$parentDodgeParryMiss" inherits="InterfaceOptionsSmallCheckButtonTemplate">
				<Anchors>
					<Anchor point="TOPLEFT" relativeTo="$parentEnableFCT" relativePoint="BOTTOMLEFT">
						<Offset x="16" y="-2"/>
					</Anchor>
				</Anchors>
				<Scripts>
					<OnLoad>
						self.type = CONTROLTYPE_CHECKBOX;
						self.cvar = "fctDodgeParryMiss";
						self.uvar = "COMBAT_TEXT_SHOW_DODGE_PARRY_MISS";
						self.setFunc = BlizzardOptionsPanel_UpdateCombatText;
						BlizzardOptionsPanel_RegisterControl(self, self:GetParent());
						BlizzardOptionsPanel_SetupDependentControl(InterfaceOptionsCombatTextPanelEnableFCT, self);
					</OnLoad>
				</Scripts>
			</CheckButton>	
			<CheckButton name="$parentDamageReduction" inherits="InterfaceOptionsSmallCheckButtonTemplate">
				<Anchors>
					<Anchor point="TOPLEFT" relativeTo="$parentDodgeParryMiss" relativePoint="BOTTOMLEFT">
						<Offset x="0" y="4"/>
					</Anchor>
				</Anchors>
				<Scripts>
					<OnLoad>
						self.type = CONTROLTYPE_CHECKBOX;
						self.cvar = "fctDamageReduction";
						self.uvar = "COMBAT_TEXT_SHOW_RESISTANCES";
						self.setFunc = BlizzardOptionsPanel_UpdateCombatText;
						BlizzardOptionsPanel_RegisterControl(self, self:GetParent());
						BlizzardOptionsPanel_SetupDependentControl(InterfaceOptionsCombatTextPanelEnableFCT, self);
					</OnLoad>
				</Scripts>
			</CheckButton>	
			<CheckButton name="$parentRepChanges" inherits="InterfaceOptionsSmallCheckButtonTemplate">
				<Anchors>
					<Anchor point="TOPLEFT" relativeTo="$parentDamageReduction" relativePoint="BOTTOMLEFT">
						<Offset x="0" y="4"/>
					</Anchor>
				</Anchors>
				<Scripts>
					<OnLoad>
						self.type = CONTROLTYPE_CHECKBOX;
						self.cvar = "fctRepChanges";
						self.uvar = "COMBAT_TEXT_SHOW_REPUTATION";
						self.setFunc = BlizzardOptionsPanel_UpdateCombatText;
						BlizzardOptionsPanel_RegisterControl(self, self:GetParent());
						BlizzardOptionsPanel_SetupDependentControl(InterfaceOptionsCombatTextPanelEnableFCT, self);
					</OnLoad>
				</Scripts>
			</CheckButton>	
			<CheckButton name="$parentReactiveAbilities" inherits="InterfaceOptionsSmallCheckButtonTemplate">
				<Anchors>
					<Anchor point="TOPLEFT" relativeTo="$parentRepChanges" relativePoint="BOTTOMLEFT">
						<Offset x="0" y="4"/>
					</Anchor>
				</Anchors>
				<Scripts>
					<OnLoad>
						self.type = CONTROLTYPE_CHECKBOX;
						self.cvar = "fctReactives";
						self.uvar = "COMBAT_TEXT_SHOW_REACTIVES";
						self.setFunc = BlizzardOptionsPanel_UpdateCombatText;
						BlizzardOptionsPanel_RegisterControl(self, self:GetParent());
						BlizzardOptionsPanel_SetupDependentControl(InterfaceOptionsCombatTextPanelEnableFCT, self);
					</OnLoad>
				</Scripts>
			</CheckButton>	
			<CheckButton name="$parentFriendlyHealerNames" inherits="InterfaceOptionsSmallCheckButtonTemplate">
				<Anchors>
					<Anchor point="TOPLEFT" relativeTo="$parentReactiveAbilities" relativePoint="BOTTOMLEFT">
						<Offset x="0" y="4"/>
					</Anchor>
				</Anchors>
				<Scripts>
					<OnLoad>
						self.type = CONTROLTYPE_CHECKBOX;
						self.cvar = "fctFriendlyHealers";
						self.uvar = "COMBAT_TEXT_SHOW_FRIENDLY_NAMES";
						self.setFunc = BlizzardOptionsPanel_UpdateCombatText;
						BlizzardOptionsPanel_RegisterControl(self, self:GetParent());
						BlizzardOptionsPanel_SetupDependentControl(InterfaceOptionsCombatTextPanelEnableFCT, self);
					</OnLoad>
				</Scripts>
			</CheckButton>	
			<CheckButton name="$parentCombatState" inherits="InterfaceOptionsSmallCheckButtonTemplate">
				<Anchors>
					<Anchor point="TOPLEFT" relativeTo="$parentFriendlyHealerNames" relativePoint="BOTTOMLEFT">
						<Offset x="0" y="4"/>
					</Anchor>
				</Anchors>
				<Scripts>
					<OnLoad>
						self.type = CONTROLTYPE_CHECKBOX;
						self.cvar = "fctCombatState";
						self.uvar = "COMBAT_TEXT_SHOW_COMBAT_STATE";
						self.setFunc = BlizzardOptionsPanel_UpdateCombatText;
						BlizzardOptionsPanel_RegisterControl(self, self:GetParent());
						BlizzardOptionsPanel_SetupDependentControl(InterfaceOptionsCombatTextPanelEnableFCT, self);
					</OnLoad>
				</Scripts>
			</CheckButton>				
			<CheckButton name="$parentComboPoints" inherits="InterfaceOptionsSmallCheckButtonTemplate">
				<Anchors>
					<Anchor point="TOPLEFT" relativeTo="$parentCombatState" relativePoint="BOTTOMLEFT">
						<Offset x="0" y="4"/>
					</Anchor>
				</Anchors>			
				<Scripts>
					<OnLoad>
						self.type = CONTROLTYPE_CHECKBOX;
						self.cvar = "fctComboPoints";
						self.uvar = "COMBAT_TEXT_SHOW_COMBO_POINTS";
						self.setFunc = function (value)
							local _, class = UnitClass("player");
							if ( class ~= "ROGUE" and class ~= "DRUID" ) then
								self:SetChecked(false);
								self:Disable();
							end
							BlizzardOptionsPanel_UpdateCombatText();
						end
						BlizzardOptionsPanel_RegisterControl(self, self:GetParent());
						BlizzardOptionsPanel_SetupDependentControl(InterfaceOptionsCombatTextPanelEnableFCT, self);
					</OnLoad>
				</Scripts>
			</CheckButton>	
			<CheckButton name="$parentLowManaHealth" inherits="InterfaceOptionsSmallCheckButtonTemplate">
				<Anchors>
					<Anchor point="TOPLEFT" relativeTo="$parentDodgeParryMiss" relativePoint="TOPRIGHT">
						<Offset x="150" y="0"/>
					</Anchor>
				</Anchors>
				<Scripts>
					<OnLoad>
						self.type = CONTROLTYPE_CHECKBOX;
						self.cvar = "fctLowManaHealth";
						self.uvar = "COMBAT_TEXT_SHOW_LOW_HEALTH_MANA";
						self.setFunc = BlizzardOptionsPanel_UpdateCombatText;
						BlizzardOptionsPanel_RegisterControl(self, self:GetParent());
						BlizzardOptionsPanel_SetupDependentControl(InterfaceOptionsCombatTextPanelEnableFCT, self);
					</OnLoad>
				</Scripts>
			</CheckButton>	
			<CheckButton name="$parentEnergyGains" inherits="InterfaceOptionsSmallCheckButtonTemplate">
				<Anchors>
					<Anchor point="TOPLEFT" relativeTo="$parentLowManaHealth" relativePoint="BOTTOMLEFT">
						<Offset x="0" y="4"/>
					</Anchor>
				</Anchors>
				<Scripts>
					<OnLoad>
						self.type = CONTROLTYPE_CHECKBOX;
						self.cvar = "fctEnergyGains";
						self.uvar = "COMBAT_TEXT_SHOW_ENERGIZE";
						self.setFunc = BlizzardOptionsPanel_UpdateCombatText;
						BlizzardOptionsPanel_RegisterControl(self, self:GetParent());
						BlizzardOptionsPanel_SetupDependentControl(InterfaceOptionsCombatTextPanelEnableFCT, self);
					</OnLoad>
				</Scripts>
			</CheckButton>
			<CheckButton name="$parentPeriodicEnergyGains" inherits="InterfaceOptionsSmallCheckButtonTemplate">
				<Anchors>
					<Anchor point="TOPLEFT" relativeTo="$parentEnergyGains" relativePoint="BOTTOMLEFT">
						<Offset x="0" y="4"/>
					</Anchor>
				</Anchors>
				<Scripts>
					<OnLoad>
						self.type = CONTROLTYPE_CHECKBOX;
						self.cvar = "fctPeriodicEnergyGains";
						self.uvar = "COMBAT_TEXT_SHOW_PERIODIC_ENERGIZE";
						self.setFunc = BlizzardOptionsPanel_UpdateCombatText;
						BlizzardOptionsPanel_RegisterControl(self, self:GetParent());
						BlizzardOptionsPanel_SetupDependentControl(InterfaceOptionsCombatTextPanelEnableFCT, self);
					</OnLoad>
				</Scripts>
			</CheckButton>
			<CheckButton name="$parentHonorGains" inherits="InterfaceOptionsSmallCheckButtonTemplate">
				<Anchors>
					<Anchor point="TOPLEFT" relativeTo="$parentPeriodicEnergyGains" relativePoint="BOTTOMLEFT">
						<Offset x="0" y="4"/>
					</Anchor>
				</Anchors>
				<Scripts>
					<OnLoad>
						self.type = CONTROLTYPE_CHECKBOX;
						self.cvar = "fctHonorGains";
						self.uvar = "COMBAT_TEXT_SHOW_HONOR_GAINED";
						self.setFunc = BlizzardOptionsPanel_UpdateCombatText;
						BlizzardOptionsPanel_RegisterControl(self, self:GetParent());
						BlizzardOptionsPanel_SetupDependentControl(InterfaceOptionsCombatTextPanelEnableFCT, self);
					</OnLoad>
				</Scripts>
			</CheckButton>				
			<CheckButton name="$parentAuras" inherits="InterfaceOptionsSmallCheckButtonTemplate">
				<Anchors>
					<Anchor point="TOPLEFT" relativeTo="$parentHonorGains" relativePoint="BOTTOMLEFT">
						<Offset x="0" y="4"/>
					</Anchor>
				</Anchors>
				<Scripts>
					<OnLoad>
						self.type = CONTROLTYPE_CHECKBOX;
						self.cvar = "fctAuras";
						self.uvar = "COMBAT_TEXT_SHOW_AURAS";
						self.setFunc = BlizzardOptionsPanel_UpdateCombatText;
						BlizzardOptionsPanel_RegisterControl(self, self:GetParent());
						BlizzardOptionsPanel_SetupDependentControl(InterfaceOptionsCombatTextPanelEnableFCT, self);
					</OnLoad>
				</Scripts>
			</CheckButton>				
		</Frames>
		<Scripts>
			<OnLoad>
				InterfaceOptionsCombatTextPanel_OnLoad(self);
			</OnLoad>
		</Scripts>
	</Frame>
	
	<!-- Status Text panel -->
	
	<Frame name="InterfaceOptionsStatusTextPanel" hidden="true" parent="InterfaceOptionsFramePanelContainer">
		<Layers>
			<Layer level="ARTWORK">
				<FontString name="$parentTitle" text="STATUSTEXT_LABEL" inherits="GameFontNormalLarge" justifyH="LEFT" justifyV="TOP">
					<Anchors>
						<Anchor point="TOPLEFT">
							<Offset>
								<AbsDimension x="16" y="-16"/>
							</Offset>
						</Anchor>
					</Anchors>
				</FontString>
				<FontString name="$parentSubText" text="STATUSTEXT_SUBTEXT" inherits="GameFontHighlightSmall" nonspacewrap="true" maxLines="3" justifyH="LEFT" justifyV="TOP">
					<Size>
						<AbsDimension y="32" x="0"/>
					</Size>
					<Anchors>
						<Anchor point="TOPLEFT" relativeTo="$parentTitle" relativePoint="BOTTOMLEFT">
							<Offset>
								<AbsDimension x="0" y="-8"/>
							</Offset>
						</Anchor>
						<Anchor point="RIGHT">
							<Offset>
								<AbsDimension x="-32" y="0"/>
							</Offset>
						</Anchor>
					</Anchors>
				</FontString>
			</Layer>
		</Layers>
		<Frames>
			<CheckButton name="$parentPlayer" inherits="InterfaceOptionsCheckButtonTemplate">
				<Anchors>
					<Anchor point="TOPLEFT" relativeTo="$parentSubText" relativePoint="BOTTOMLEFT">
						<Offset>
							<AbsDimension x="-2" y="-8"/>
						</Offset>
					</Anchor>
				</Anchors>
				<Scripts>
					<OnLoad>
						self.type = CONTROLTYPE_CHECKBOX;
						self.cvar = "playerStatusText";
						BlizzardOptionsPanel_RegisterControl(self, self:GetParent());
					</OnLoad>
				</Scripts>
			</CheckButton>		
			<CheckButton name="$parentPet" inherits="InterfaceOptionsCheckButtonTemplate">
				<Anchors>
					<Anchor point="TOPLEFT" relativeTo="$parentPlayer" relativePoint="BOTTOMLEFT">
						<Offset>
							<AbsDimension x="0" y="-8"/>
						</Offset>
					</Anchor>
				</Anchors>
				<Scripts>
					<OnLoad>
						self.type = CONTROLTYPE_CHECKBOX;
						self.cvar = "petStatusText";
						BlizzardOptionsPanel_RegisterControl(self, self:GetParent());
					</OnLoad>
				</Scripts>
			</CheckButton>
			<CheckButton name="$parentParty" inherits="InterfaceOptionsCheckButtonTemplate">
				<Anchors>
					<Anchor point="TOPLEFT" relativeTo="$parentPet" relativePoint="BOTTOMLEFT">
						<Offset>
							<AbsDimension x="0" y="-8"/>
						</Offset>
					</Anchor>
				</Anchors>
				<Scripts>
					<OnLoad>
						self.type = CONTROLTYPE_CHECKBOX;
						self.cvar = "partyStatusText";
						BlizzardOptionsPanel_RegisterControl(self, self:GetParent());
					</OnLoad>
				</Scripts>
			</CheckButton>
			<CheckButton name="$parentTarget" inherits="InterfaceOptionsCheckButtonTemplate">
				<Anchors>
					<Anchor point="TOPLEFT" relativeTo="$parentParty" relativePoint="BOTTOMLEFT">
						<Offset>
							<AbsDimension x="0" y="-8"/>
						</Offset>
					</Anchor>
				</Anchors>
				<Scripts>
					<OnLoad>
						self.type = CONTROLTYPE_CHECKBOX;
						self.cvar = "targetStatusText";
						BlizzardOptionsPanel_RegisterControl(self, self:GetParent());
					</OnLoad>
				</Scripts>
			</CheckButton>
			<CheckButton name="$parentPercentages" inherits="InterfaceOptionsCheckButtonTemplate">
				<Anchors>
					<Anchor point="TOPLEFT" relativeTo="$parentTarget" relativePoint="BOTTOMLEFT">
						<Offset>
							<AbsDimension x="0" y="-8"/>
						</Offset>
					</Anchor>
				</Anchors>
				<Scripts>
					<OnLoad>
						self.type = CONTROLTYPE_CHECKBOX;
						self.cvar = "statusTextPercentage";
						BlizzardOptionsPanel_RegisterControl(self, self:GetParent());
					</OnLoad>
				</Scripts>
			</CheckButton>
			<CheckButton name="$parentXP" inherits="InterfaceOptionsCheckButtonTemplate">
				<Anchors>
					<Anchor point="TOPLEFT" relativeTo="$parentPercentages" relativePoint="BOTTOMLEFT">
						<Offset>
							<AbsDimension x="0" y="-8"/>
						</Offset>
					</Anchor>
				</Anchors>
				<Scripts>
					<OnLoad>
						self.type = CONTROLTYPE_CHECKBOX;
						self.cvar = "xpBarText";
						BlizzardOptionsPanel_RegisterControl(self, self:GetParent());
					</OnLoad>
				</Scripts>
			</CheckButton>
		</Frames>
		<Scripts>
			<OnLoad>
				self.name = STATUSTEXT_LABEL;
				self.options = StatusTextPanelOptions;
				InterfaceOptionsPanel_OnLoad(self);
			</OnLoad>
		</Scripts>
	</Frame>
	
	<!-- Party & Raid panel -->
	
	<Frame name="InterfaceOptionsPartyRaidPanel" hidden="true" parent="InterfaceOptionsFramePanelContainer">
		<Layers>
			<Layer level="ARTWORK">
				<FontString name="$parentTitle" text="PARTYRAID_LABEL" inherits="GameFontNormalLarge" justifyH="LEFT" justifyV="TOP">
					<Anchors>
						<Anchor point="TOPLEFT">
							<Offset>
								<AbsDimension x="16" y="-16"/>
							</Offset>
						</Anchor>
					</Anchors>
				</FontString>
				<FontString name="$parentSubText" text="PARTYRAID_SUBTEXT" inherits="GameFontHighlightSmall" nonspacewrap="true" maxLines="3" justifyH="LEFT" justifyV="TOP">
					<Size>
						<AbsDimension y="32" x="0"/>
					</Size>
					<Anchors>
						<Anchor point="TOPLEFT" relativeTo="$parentTitle" relativePoint="BOTTOMLEFT">
							<Offset>
								<AbsDimension x="0" y="-8"/>
							</Offset>
						</Anchor>
						<Anchor point="RIGHT">
							<Offset>
								<AbsDimension x="-32" y="0"/>
							</Offset>
						</Anchor>
					</Anchors>
				</FontString>
			</Layer>
		</Layers>
		<Frames>
			<CheckButton name="$parentPartyBackground" inherits="InterfaceOptionsCheckButtonTemplate">
				<Anchors>
					<Anchor point="TOPLEFT" relativeTo="$parentSubText" relativePoint="BOTTOMLEFT">
						<Offset>
							<AbsDimension x="-2" y="-8"/>
						</Offset>
					</Anchor>
				</Anchors>
				<Scripts>
					<OnLoad>
						self.type = CONTROLTYPE_CHECKBOX;
						self.cvar = "showPartyBackground";
						self.uvar = "SHOW_PARTY_BACKGROUND";
						self.setFunc = function () UpdatePartyMemberBackground(); end;
						BlizzardOptionsPanel_RegisterControl(self, self:GetParent());
					</OnLoad>
				</Scripts>
			</CheckButton>
			<CheckButton name="$parentPartyInRaid" inherits="InterfaceOptionsCheckButtonTemplate">
				<Anchors>
					<Anchor point="TOPLEFT" relativeTo="$parentPartyBackground" relativePoint="BOTTOMLEFT">
						<Offset>
							<AbsDimension x="0" y="-8"/>
						</Offset>
					</Anchor>
				</Anchors>
				<Scripts>
					<OnLoad>
						self.type = CONTROLTYPE_CHECKBOX;
						self.cvar = "hidePartyInRaid";
						self.uvar = "HIDE_PARTY_INTERFACE";
						self.setFunc = function () RaidOptionsFrame_UpdatePartyFrames(); end;
						BlizzardOptionsPanel_RegisterControl(self, self:GetParent());
					</OnLoad>
				</Scripts>
			</CheckButton>				
			<CheckButton name="$parentPartyPets" inherits="InterfaceOptionsCheckButtonTemplate">
				<Anchors>
					<Anchor point="TOPLEFT" relativeTo="$parentPartyInRaid" relativePoint="BOTTOMLEFT">
						<Offset>
							<AbsDimension x="0" y="-8"/>
						</Offset>
					</Anchor>
				</Anchors>
				<Scripts>
					<OnLoad>
						self.type = CONTROLTYPE_CHECKBOX;
						self.cvar = "showPartyPets";
						self.uvar = "SHOW_PARTY_PETS";
						self.setFunc = function() for i=1, MAX_PARTY_MEMBERS do PartyMemberFrame_UpdatePet("PartyMemberFrame" .. i, i); end end;
						BlizzardOptionsPanel_RegisterControl(self, self:GetParent());
					</OnLoad>
				</Scripts>
			</CheckButton>	
			<CheckButton name="$parentDispellableDebuffs" inherits="InterfaceOptionsCheckButtonTemplate">
				<Anchors>
					<Anchor point="TOPLEFT" relativeTo="$parentPartyPets" relativePoint="BOTTOMLEFT">
						<Offset>
							<AbsDimension x="0" y="-8"/>
						</Offset>
					</Anchor>
				</Anchors>
				<Scripts>
					<OnLoad>
						self.type = CONTROLTYPE_CHECKBOX;
						self.cvar = "showDispelDebuffs";
						self.setFunc = BlizzardOptionsPanel_UpdateRaidPullouts;
						BlizzardOptionsPanel_RegisterControl(self, self:GetParent());
					</OnLoad>
				</Scripts>
			</CheckButton>	
			<CheckButton name="$parentCastableBuffs" inherits="InterfaceOptionsCheckButtonTemplate">
				<Anchors>
					<Anchor point="TOPLEFT" relativeTo="$parentDispellableDebuffs" relativePoint="BOTTOMLEFT">
						<Offset>
							<AbsDimension x="0" y="-8"/>
						</Offset>
					</Anchor>
				</Anchors>
				<Scripts>
					<OnLoad>
						self.type = CONTROLTYPE_CHECKBOX;
						self.cvar = "showCastableBuffs";
						self.setFunc = BlizzardOptionsPanel_UpdateRaidPullouts;
						BlizzardOptionsPanel_RegisterControl(self, self:GetParent());
					</OnLoad>
				</Scripts>
			</CheckButton>				
			<CheckButton name="$parentRaidRange" inherits="InterfaceOptionsCheckButtonTemplate">
				<Anchors>
					<Anchor point="TOPLEFT" relativeTo="$parentCastableBuffs" relativePoint="BOTTOMLEFT">
						<Offset>
							<AbsDimension x="0" y="-8"/>
						</Offset>
					</Anchor>
				</Anchors>
				<Scripts>
					<OnLoad>
						self.setFunc = function(value)
							if ( value == "1") then
								RaidFrame.showRange = 1;
							else
								RaidFrame.showRange = nil;
							end
						end;
						self.type = CONTROLTYPE_CHECKBOX;
						self.cvar = "showRaidRange";
						BlizzardOptionsPanel_RegisterControl(self, self:GetParent());
					</OnLoad>
				</Scripts>
			</CheckButton>				
		</Frames>
		<Scripts>
			<OnLoad>
				self.name = PARTYRAID_LABEL;
				self.options = PartyRaidPanelOptions;
				InterfaceOptionsPanel_OnLoad(self);
			</OnLoad>
		</Scripts>
	</Frame>
	
	<!-- Camera Panel -->
	
	<Frame name="InterfaceOptionsCameraPanel" hidden="true" parent="InterfaceOptionsFramePanelContainer">
		<Layers>
			<Layer level="ARTWORK">
				<FontString name="$parentTitle" text="CAMERA_LABEL" inherits="GameFontNormalLarge" justifyH="LEFT" justifyV="TOP">
					<Anchors>
						<Anchor point="TOPLEFT">
							<Offset>
								<AbsDimension x="16" y="-16"/>
							</Offset>
						</Anchor>
					</Anchors>
				</FontString>
				<FontString name="$parentSubText" text="CAMERA_SUBTEXT" inherits="GameFontHighlightSmall" nonspacewrap="true" maxLines="3" justifyH="LEFT" justifyV="TOP">
					<Size>
						<AbsDimension y="32" x="0"/>
					</Size>
					<Anchors>
						<Anchor point="TOPLEFT" relativeTo="$parentTitle" relativePoint="BOTTOMLEFT">
							<Offset>
								<AbsDimension x="0" y="-8"/>
							</Offset>
						</Anchor>
						<Anchor point="RIGHT">
							<Offset>
								<AbsDimension x="-32" y="0"/>
							</Offset>
						</Anchor>
					</Anchors>
				</FontString>
			</Layer>
		</Layers>
		<Frames>
			<Frame name="$parentStyleDropDown" inherits="UIDropDownMenuTemplate" enableMouse="true">
				<Anchors>
					<Anchor point="TOPRIGHT" relativeTo="$parentSubText" relativePoint="BOTTOMRIGHT">
						<Offset>
							<AbsDimension x="16" y="-128"/>
						</Offset>
					</Anchor>
				</Anchors>
				<Layers>
					<Layer level="BACKGROUND">
						<FontString name="$parentLabel" inherits="GameFontHighlight" text="CAMERA_FOLLOWING_STYLE">
							<Anchors>
								<Anchor point="BOTTOMLEFT" relativePoint="TOPLEFT">
									<Offset>
										<AbsDimension x="18" y="3"/>
									</Offset>
								</Anchor>
							</Anchors>
						</FontString>
					</Layer>
				</Layers>
				<Scripts>
					<OnLoad>
						self.type = CONTROLTYPE_DROPDOWN;
						BlizzardOptionsPanel_RegisterControl(self, self:GetParent());
						self:RegisterEvent("PLAYER_ENTERING_WORLD");
					</OnLoad>
					<OnEnter>
						if ( not self.isDisabled ) then
							GameTooltip:SetOwner(self, "ANCHOR_TOPRIGHT");
							GameTooltip:SetText(self.tooltip, nil, nil, nil, nil, 1);
						end
					</OnEnter>
					<OnEvent>
						InterfaceOptionsCameraPanelStyleDropDown_OnEvent(self, event, ...);
					</OnEvent>
					<OnLeave>
						GameTooltip:Hide();
					</OnLeave>
				</Scripts>
			</Frame>		
			<Slider name="$parentFollowSpeedSlider" inherits="OptionsSliderTemplate">
				<Anchors>
					<Anchor point="BOTTOMRIGHT" relativeTo="$parentStyleDropDown" relativePoint="TOPRIGHT">
						<Offset>
							<AbsDimension x="-24" y="40"/>
						</Offset>
					</Anchor>
				</Anchors>
				<Scripts>
					<OnLoad>
						self.type = CONTROLTYPE_SLIDER;
						self.cvar = "cameraYawSmoothSpeed";
						self.SetDisplayValue = self.SetValue;
						self.SetValue = function (self, value)
							self:SetDisplayValue(value);
							self.value = value;
							SetCVar(self.cvar, value);
							SetCVar("cameraPitchSmoothSpeed", value/4);
						end
						BlizzardOptionsPanel_RegisterControl(self, self:GetParent());
					</OnLoad>
					<OnValueChanged>
						self.value = value;
						SetCVar(self.cvar, value);
					</OnValueChanged>
				</Scripts>
			</Slider>
			<Slider name="$parentMaxDistanceSlider" inherits="OptionsSliderTemplate">
				<Anchors>
					<Anchor point="BOTTOM" relativeTo="$parentFollowSpeedSlider" relativePoint="TOP">
						<Offset>
							<AbsDimension x="0" y="40"/>
						</Offset>
					</Anchor>
				</Anchors>
				<Scripts>
					<OnLoad>
						self.type = CONTROLTYPE_SLIDER;
						self.cvar = "cameraDistanceMaxFactor";
						self.SetDisplayValue = self.SetValue;
						self.SetValue = function (self, value)
							self:SetDisplayValue(value);
							self.value = value;
							SetCVar(self.cvar, value);
						end
						BlizzardOptionsPanel_RegisterControl(self, self:GetParent());
					</OnLoad>
					<OnValueChanged>
						self.value = value;
						SetCVar(self.cvar, value);
					</OnValueChanged>
				</Scripts>
			</Slider>			
			<CheckButton name="$parentFollowTerrain" inherits="InterfaceOptionsCheckButtonTemplate">
				<Anchors>
					<Anchor point="TOPLEFT" relativeTo="$parentSubText" relativePoint="BOTTOMLEFT">
						<Offset>
							<AbsDimension x="-2" y="-8"/>
						</Offset>
					</Anchor>
				</Anchors>
				<Scripts>
					<OnLoad>
						self.type = CONTROLTYPE_CHECKBOX;
						self.cvar = "cameraTerrainTilt";
						BlizzardOptionsPanel_RegisterControl(self, self:GetParent());
					</OnLoad>
				</Scripts>
			</CheckButton>
			<CheckButton name="$parentHeadBob" inherits="InterfaceOptionsCheckButtonTemplate">
				<Anchors>
					<Anchor point="TOPLEFT" relativeTo="$parentFollowTerrain" relativePoint="BOTTOMLEFT">
						<Offset>
							<AbsDimension x="0" y="-8"/>
						</Offset>
					</Anchor>
				</Anchors>
				<Scripts>
					<OnLoad>
						self.type = CONTROLTYPE_CHECKBOX;
						self.cvar = "cameraBobbing";
						BlizzardOptionsPanel_RegisterControl(self, self:GetParent());
					</OnLoad>
				</Scripts>
			</CheckButton>					
			<CheckButton name="$parentWaterCollision" inherits="InterfaceOptionsCheckButtonTemplate">
				<Anchors>
					<Anchor point="TOPLEFT" relativeTo="$parentHeadBob" relativePoint="BOTTOMLEFT">
						<Offset>
							<AbsDimension x="0" y="-8"/>
						</Offset>
					</Anchor>
				</Anchors>
				<Scripts>
					<OnLoad>
						self.type = CONTROLTYPE_CHECKBOX;
						self.cvar = "cameraWaterCollision";
						BlizzardOptionsPanel_RegisterControl(self, self:GetParent());
					</OnLoad>
				</Scripts>
			</CheckButton>					
			<CheckButton name="$parentSmartPivot" inherits="InterfaceOptionsCheckButtonTemplate">
				<Anchors>
					<Anchor point="TOPLEFT" relativeTo="$parentWaterCollision" relativePoint="BOTTOMLEFT">
						<Offset>
							<AbsDimension x="0" y="-8"/>
						</Offset>
					</Anchor>
				</Anchors>
				<Scripts>
					<OnLoad>
						self.type = CONTROLTYPE_CHECKBOX;
						self.cvar = "cameraPivot";
						BlizzardOptionsPanel_RegisterControl(self, self:GetParent());
					</OnLoad>
				</Scripts>
			</CheckButton>					
		</Frames>
		<Scripts>
			<OnLoad>
				InterfaceOptionsCameraPanel_OnLoad(self);
			</OnLoad>
		</Scripts>	
	</Frame>
	
	<!-- Mouse panel -->
	
	<Frame name="InterfaceOptionsMousePanel" hidden="true" parent="InterfaceOptionsFramePanelContainer">
		<Layers>
			<Layer level="ARTWORK">
				<FontString name="$parentTitle" text="MOUSE_LABEL" inherits="GameFontNormalLarge" justifyH="LEFT" justifyV="TOP">
					<Anchors>
						<Anchor point="TOPLEFT">
							<Offset>
								<AbsDimension x="16" y="-16"/>
							</Offset>
						</Anchor>
					</Anchors>
				</FontString>
				<FontString name="$parentSubText" text="MOUSE_SUBTEXT" inherits="GameFontHighlightSmall" nonspacewrap="true" maxLines="3" justifyH="LEFT" justifyV="TOP">
					<Size>
						<AbsDimension y="32" x="0"/>
					</Size>
					<Anchors>
						<Anchor point="TOPLEFT" relativeTo="$parentTitle" relativePoint="BOTTOMLEFT">
							<Offset>
								<AbsDimension x="0" y="-8"/>
							</Offset>
						</Anchor>
						<Anchor point="RIGHT">
							<Offset>
								<AbsDimension x="-32" y="0"/>
							</Offset>
						</Anchor>
					</Anchors>
				</FontString>
			</Layer>
		</Layers>
		<Frames>
			<CheckButton name="$parentInvertMouse" inherits="InterfaceOptionsCheckButtonTemplate">
				<Anchors>
					<Anchor point="TOPLEFT" relativeTo="$parentSubText" relativePoint="BOTTOMLEFT">
						<Offset>
							<AbsDimension x="-2" y="-8"/>
						</Offset>
					</Anchor>
				</Anchors>
				<Scripts>
					<OnLoad>
						self.type = CONTROLTYPE_CHECKBOX;
						self.cvar = "mouseInvertPitch";
						BlizzardOptionsPanel_RegisterControl(self, self:GetParent());
					</OnLoad>
				</Scripts>
			</CheckButton>		
			<CheckButton name="$parentClickToMove" inherits="InterfaceOptionsCheckButtonTemplate">
				<Anchors>
					<Anchor point="TOPRIGHT" relativeTo="$parentSubText" relativePoint="BOTTOMRIGHT">
						<Offset>
							<AbsDimension x="-134" y="-8"/>
						</Offset>
					</Anchor>
				</Anchors>
				<Scripts>
					<OnLoad>
						self.type = CONTROLTYPE_CHECKBOX;
						self.cvar = "autointeract";
						BlizzardOptionsPanel_RegisterControl(self, self:GetParent());
					</OnLoad>
				</Scripts>
			</CheckButton>				
			<Slider name="$parentMouseSensitivitySlider" inherits="OptionsSliderTemplate">
				<Anchors>
					<Anchor point="TOPLEFT" relativeTo="$parentInvertMouse" relativePoint="BOTTOMLEFT">
						<Offset>
							<AbsDimension x="4" y="-24"/>
						</Offset>
					</Anchor>
				</Anchors>
				<Scripts>
					<OnLoad>
						self.type = CONTROLTYPE_SLIDER;
						self.cvar = "mouseSpeed";
						self.SetDisplayValue = self.SetValue;
						self.SetValue = function (self, value)
							self:SetDisplayValue(value);
							self.value = value;
							SetCVar(self.cvar, value);
						end
						BlizzardOptionsPanel_RegisterControl(self, self:GetParent());
					</OnLoad>
					<OnValueChanged>
						self.value = value;
						SetCVar(self.cvar, value);
					</OnValueChanged>
				</Scripts>
			</Slider>
			<Slider name="$parentMouseLookSpeedSlider" inherits="OptionsSliderTemplate">
				<Anchors>
					<Anchor point="TOP" relativeTo="$parentMouseSensitivitySlider" relativePoint="BOTTOM">
						<Offset>
							<AbsDimension x="0" y="-32"/>
						</Offset>
					</Anchor>
				</Anchors>
				<Scripts>
					<OnLoad>
						self.type = CONTROLTYPE_SLIDER;
						self.cvar = "cameraYawMoveSpeed";
						self.SetDisplayValue = self.SetValue;
						self.SetValue = function (self, value)
							self:SetDisplayValue(value);
							self.value = value;
							SetCVar(self.cvar, value);
							SetCVar("cameraPitchMoveSpeed", value/2);
						end
						BlizzardOptionsPanel_RegisterControl(self, self:GetParent());
					</OnLoad>
					<OnValueChanged>
						self.value = value;
						SetCVar(self.cvar, value);
						SetCVar("cameraPitchMoveSpeed", value/2);
					</OnValueChanged>
				</Scripts>
			</Slider>
			<Frame name="$parentClickMoveStyleDropDown" inherits="UIDropDownMenuTemplate" enableMouse="true">
				<Anchors>
					<Anchor point="TOPRIGHT" relativeTo="$parentSubText" relativePoint="BOTTOMRIGHT">
						<Offset>
							<AbsDimension x="16" y="-64"/>
						</Offset>
					</Anchor>
				</Anchors>
				<Layers>
					<Layer level="BACKGROUND">
						<FontString name="$parentLabel" inherits="GameFontHighlight" text="CLICK_CAMERA_STYLE">
							<Anchors>
								<Anchor point="BOTTOMLEFT" relativePoint="TOPLEFT">
									<Offset>
										<AbsDimension x="18" y="3"/>
									</Offset>
								</Anchor>
							</Anchors>
						</FontString>
					</Layer>
				</Layers>
				<Scripts>
					<OnLoad>
						self.type = CONTROLTYPE_DROPDOWN;
						BlizzardOptionsPanel_RegisterControl(self, self:GetParent());
						BlizzardOptionsPanel_SetupDependentControl(InterfaceOptionsMousePanelClickToMove, self);
						self:RegisterEvent("PLAYER_ENTERING_WORLD");
					</OnLoad>
					<OnEnter>
						if ( not self.isDisabled ) then
							GameTooltip:SetOwner(self, "ANCHOR_TOPRIGHT");
							GameTooltip:SetText(self.tooltip, nil, nil, nil, nil, 1);
						end
					</OnEnter>
					<OnEvent>
						InterfaceOptionsMousePanelClickMoveStyleDropDown_OnEvent(self, event, ...);
					</OnEvent>
					<OnLeave>
						GameTooltip:Hide();
					</OnLeave>
				</Scripts>
			</Frame>		
		</Frames>
		<Scripts>
			<OnLoad>
				self.name = MOUSE_LABEL;
				self.options = MousePanelOptions;
				InterfaceOptionsPanel_OnLoad(self);
			</OnLoad>
		</Scripts>	
	</Frame>
	
	<!-- Help panel -->
	
	<Frame name="InterfaceOptionsHelpPanel" hidden="true" parent="InterfaceOptionsFramePanelContainer">
		<Layers>
			<Layer level="ARTWORK">
				<FontString name="$parentTitle" text="HELP_LABEL" inherits="GameFontNormalLarge" justifyH="LEFT" justifyV="TOP">
					<Anchors>
						<Anchor point="TOPLEFT">
							<Offset>
								<AbsDimension x="16" y="-16"/>
							</Offset>
						</Anchor>
					</Anchors>
				</FontString>
				<FontString name="$parentSubText" text="HELP_SUBTEXT" inherits="GameFontHighlightSmall" nonspacewrap="true" maxLines="3" justifyH="LEFT" justifyV="TOP">
					<Size>
						<AbsDimension y="32" x="0"/>
					</Size>
					<Anchors>
						<Anchor point="TOPLEFT" relativeTo="$parentTitle" relativePoint="BOTTOMLEFT">
							<Offset>
								<AbsDimension x="0" y="-8"/>
							</Offset>
						</Anchor>
						<Anchor point="RIGHT">
							<Offset>
								<AbsDimension x="-32" y="0"/>
							</Offset>
						</Anchor>
					</Anchors>
				</FontString>
			</Layer>
		</Layers>
		<Frames>
			<CheckButton name="$parentTutorials" inherits="InterfaceOptionsCheckButtonTemplate">
				<!-- The Tutorials button LOVES being special -->
				<Anchors>
					<Anchor point="TOPLEFT" relativeTo="$parentSubText" relativePoint="BOTTOMLEFT">
						<Offset>
							<AbsDimension x="-2" y="-8"/>
						</Offset>
					</Anchor>
				</Anchors>
				<Scripts>
					<OnLoad>
						self.type = CONTROLTYPE_CHECKBOX;
						self.label = "showTutorials";
						self.setFunc = InterfaceOptionsHelpPanel_SetTutorials;
						self.GetValue = function () return self.value or ((TutorialsEnabled() and "1") or "0"); end;
						BlizzardOptionsPanel_RegisterControl(self, self:GetParent());
					</OnLoad>
				</Scripts>
			</CheckButton>
			<CheckButton name="$parentLoadingScreenTips" inherits="InterfaceOptionsCheckButtonTemplate">
				<Anchors>
					<Anchor point="TOPLEFT" relativeTo="$parentTutorials" relativePoint="BOTTOMLEFT">
						<Offset>
							<AbsDimension x="0" y="-8"/>
						</Offset>
					</Anchor>
				</Anchors>
				<Scripts>
					<OnLoad>
						self.type = CONTROLTYPE_CHECKBOX;
						self.cvar = "showGameTips";
						BlizzardOptionsPanel_RegisterControl(self, self:GetParent());
					</OnLoad>
				</Scripts>
			</CheckButton>		
			<CheckButton name="$parentEnhancedTooltips" inherits="InterfaceOptionsCheckButtonTemplate">
				<Anchors>
					<Anchor point="TOPLEFT" relativeTo="$parentLoadingScreenTips" relativePoint="BOTTOMLEFT">
						<Offset>
							<AbsDimension x="0" y="-8"/>
						</Offset>
					</Anchor>
				</Anchors>
				<Scripts>
					<OnLoad>
						self.type = CONTROLTYPE_CHECKBOX;
						self.cvar = "UberTooltips";
						BlizzardOptionsPanel_RegisterControl(self, self:GetParent());
					</OnLoad>
				</Scripts>
			</CheckButton>		
			<CheckButton name="$parentBeginnerTooltips" inherits="InterfaceOptionsCheckButtonTemplate">
				<Anchors>
					<Anchor point="TOPLEFT" relativeTo="$parentEnhancedTooltips" relativePoint="BOTTOMLEFT">
						<Offset>
							<AbsDimension x="0" y="-8"/>
						</Offset>
					</Anchor>
				</Anchors>
				<Scripts>
					<OnLoad>
						self.type = CONTROLTYPE_CHECKBOX;
						self.cvar = "showNewbieTips";
						self.uvar = "SHOW_NEWBIE_TIPS";
						BlizzardOptionsPanel_RegisterControl(self, self:GetParent());
					</OnLoad>
				</Scripts>
			</CheckButton>		
			<CheckButton name="$parentShowLuaErrors" inherits="InterfaceOptionsCheckButtonTemplate">
				<Anchors>
					<Anchor point="TOPLEFT" relativeTo="$parentBeginnerTooltips" relativePoint="BOTTOMLEFT">
						<Offset>
							<AbsDimension x="0" y="-8"/>
						</Offset>
					</Anchor>
				</Anchors>
				<Scripts>
					<OnLoad>
						self.type = CONTROLTYPE_CHECKBOX;
						self.cvar = "scriptErrors";
						BlizzardOptionsPanel_RegisterControl(self, self:GetParent());
					</OnLoad>
				</Scripts>
			</CheckButton>				
			<Button name="$parentResetTutorials" inherits="UIPanelButtonTemplate" text="RESET_TUTORIALS">
				<Size>
					<AbsDimension x="96" y="22"/>
				</Size>
				<Anchors>
					<Anchor point="TOPRIGHT" relativeTo="$parentSubText" relativePoint="BOTTOMRIGHT">
						<Offset>
							<AbsDimension x="-48" y="-12"/>
						</Offset>
					</Anchor>
				</Anchors>
				<Scripts>
					<OnClick>
						PlaySound("gsTitleOptionOK");
						ResetTutorials();
						TutorialFrame_HideAllAlerts();
						TutorialFrameCheckButton:SetChecked(1);
						--Check the show tutorials option
						local tutorialsCheckButton = _G[self:GetParent():GetName() .. "Tutorials"];
						if ( not tutorialsCheckButton:GetChecked() ) then
							tutorialsCheckButton:Click()
						end
					</OnClick>
				</Scripts>
				<NormalFont style="GameFontNormalSmall"/>
				<HighlightFont style="GameFontHighlightSmall"/>				
			</Button>
		</Frames>
		<Scripts>
			<OnLoad>
				self.name = HELP_LABEL;
				self.options = HelpPanelOptions;
				InterfaceOptionsPanel_OnLoad(self);
			</OnLoad>
		</Scripts>
	</Frame>

	<!-- Languages -->

	<Frame name="InterfaceOptionsLanguagesPanel" hidden="true" parent="InterfaceOptionsFramePanelContainer">
		<Layers>
			<Layer level="ARTWORK">
				<FontString name="$parentTitle" text="LANGUAGES_LABEL" inherits="GameFontNormalLarge" justifyH="LEFT" justifyV="TOP">
					<Anchors>
						<Anchor point="TOPLEFT">
							<Offset>
								<AbsDimension x="16" y="-16"/>
							</Offset>
						</Anchor>
					</Anchors>
				</FontString>
				<FontString name="$parentSubText" text="LANGUAGES_SUBTEXT" inherits="GameFontHighlightSmall" nonspacewrap="true" maxLines="3" justifyH="LEFT" justifyV="TOP">
					<Size>
						<AbsDimension y="32" x="0"/>
					</Size>
					<Anchors>
						<Anchor point="TOPLEFT" relativeTo="$parentTitle" relativePoint="BOTTOMLEFT">
							<Offset>
								<AbsDimension x="0" y="-8"/>
							</Offset>
						</Anchor>
						<Anchor point="RIGHT">
							<Offset>
								<AbsDimension x="-32" y="0"/>
							</Offset>
						</Anchor>
					</Anchors>
				</FontString>
			</Layer>
		</Layers>
		<Frames>
			<Frame name="$parentLocaleDropDown" inherits="UIDropDownMenuTemplate" enableMouse="true">
				<Anchors>
					<Anchor point="TOPLEFT" relativeTo="$parentSubText" relativePoint="BOTTOMLEFT">
						<Offset>
							<AbsDimension x="-16" y="-16"/>
						</Offset>
					</Anchor>
				</Anchors>
				<Layers>
					<Layer level="BACKGROUND">
						<FontString name="$parentLabel" inherits="GameFontNormalSmall" text="LOCALE_INFORMATION">
							<Anchors>
								<Anchor point="BOTTOMLEFT" relativePoint="TOPLEFT">
									<Offset>
										<AbsDimension x="16" y="3"/>
									</Offset>
								</Anchor>
							</Anchors>
						</FontString>
					</Layer>
				</Layers>
				<Scripts>
					<OnLoad>
						self.type = CONTROLTYPE_DROPDOWN;
						BlizzardOptionsPanel_RegisterControl(self, self:GetParent());
						self:RegisterEvent("PLAYER_ENTERING_WORLD");
					</OnLoad>
					<OnEvent>
						InterfaceOptionsLanguagesPanelLocaleDropDown_OnEvent(self, event, ...);
					</OnEvent>
					<OnEnter>
						GameTooltip:SetOwner(self, "ANCHOR_TOPRIGHT");
						GameTooltip:SetText(self.tooltip, nil, nil, nil, nil, 1);
					</OnEnter>
					<OnLeave>
						GameTooltip:Hide();
					</OnLeave>
				</Scripts>
			</Frame>
		</Frames>
		<Scripts>
			<OnLoad>
				self.name = LANGUAGES_LABEL;
				self.options = LanguagesPanelOptions;
				InterfaceOptionsLanguagesPanel_OnLoad(self);			
			</OnLoad>
		</Scripts>		
	</Frame>
	
</Ui>
