<Ui xmlns="http://www.blizzard.com/wow/ui/"   xmlns:xsi="http://www.w3.org/2001/XMLSchema-instance"   xsi:schemaLocation="http://www.blizzard.com/wow/ui/">
  <GameTooltip name="BaudGear_Tooltip" inherits="GameTooltipTemplate">
    <Scripts>
      <OnLoad>
        this:SetOwner(WorldFrame, "ANCHOR_NONE");
      </OnLoad>
    </Scripts>
  </GameTooltip>

  <Script file="BaudGear.lua"/>

  <Button name="BaudGearItemButtonTemplate" inherits="ItemButtonTemplate" virtual="true">
    <Layers>
      <Layer level="OVERLAY">
        <Texture name="$parentBorder" file="Interface\Buttons\UI-ActionButton-Border" alphaMode="ADD">
          <Size><AbsDimension x="70" y="70"/></Size>
          <Anchors><Anchor point="CENTER"/></Anchors>
        </Texture>
        <FontString name="$parentRemove" text="Remove">
          <Anchors><Anchor point="CENTER"/></Anchors>
        </FontString>
      </Layer>
    </Layers>
    <Scripts>
      <OnEvent>
        BaudGear_ItemButton_OnEvent();
      </OnEvent>
      <OnClick>
        BaudGear_ItemButton_OnClick();
      </OnClick>
      <OnDragStart>
        BaudGear_ItemButton_OnClick(true);
      </OnDragStart>
      <OnReceiveDrag>
        BaudGear_ItemButton_OnClick(true);
      </OnReceiveDrag>
      <OnEnter>
        BaudGear_ItemButton_OnEnter();
      </OnEnter>
      <OnLeave>
        GameTooltip:Hide();
        ResetCursor();
      </OnLeave>
    </Scripts>
  </Button>

  <Button name="BaudGearEntryTemplate" virtual="true">
    <Size><AbsDimension x="0" y="16"/></Size>
    <Anchors>
      <Anchor point="LEFT">
        <Offset><AbsDimension x="10"/></Offset>
      </Anchor>
      <Anchor point="RIGHT">
        <Offset><AbsDimension x="-10"/></Offset>
      </Anchor>
    </Anchors>
    <Layers>
      <Layer level="BACKGROUND">
        <FontString name="$parentText" setAllPoints="true" justifyH="LEFT" inherits="GameFontHighlight"/>
      </Layer>
    </Layers>
    <Scripts>
      <OnClick>
        BaudGearEntry_OnClick();
      </OnClick>
    </Scripts>
  </Button>


  <GameTooltip name="BaudGearInfoTooltip" inherits="GameTooltipTemplate" toplevel="true" enableMouse="true" movable="true" hidden="true">
    <Anchors><Anchor point="CENTER"/></Anchors>
    <Frames>
      <Button name="$parentCloseButton" inherits="UIPanelCloseButton">
        <Anchors><Anchor point="TOPRIGHT"/></Anchors>
        <Scripts>
          <OnClick>
            this:GetParent():Hide();
          </OnClick>
        </Scripts>
      </Button>
    </Frames>
    <Scripts>
      <OnLoad>
        GameTooltip_OnLoad();
        this:SetPadding(16);
        tinsert(UISpecialFrames,this:GetName());
        this:RegisterForDrag("LeftButton");
      </OnLoad>
      <OnDragStart>
        this:StartMoving();
      </OnDragStart>
      <OnDragStop>
        this:StopMovingOrSizing();
      </OnDragStop>
    </Scripts>
  </GameTooltip>

  <Frame name="BaudGearFrame" toplevel="true" frameStrata="MEDIUM" movable="true" enableMouse="true" parent="UIParent" hidden="true">
    <Size><AbsDimension x="510" y="260"/></Size>
    <Anchors><Anchor point="CENTER"/></Anchors>
    <Backdrop bgFile="Interface\DialogFrame\UI-DialogBox-Background" edgeFile="Interface\DialogFrame\UI-DialogBox-Border" tile="true">
      <BackgroundInsets>
        <AbsInset left="11" right="12" top="12" bottom="11"/>
      </BackgroundInsets>
      <TileSize><AbsValue val="32"/></TileSize>
      <EdgeSize><AbsValue val="32"/></EdgeSize>
    </Backdrop>
    <Layers>
      <Layer level="ARTWORK">
        <Texture name="$parentHeader" file="Interface\DialogFrame\UI-DialogBox-Header">
          <Size><AbsDimension x="320" y="64"/></Size>
          <Anchors>
            <Anchor point="TOP">
              <Offset><AbsDimension x="0" y="12"/></Offset>
            </Anchor>
          </Anchors>
        </Texture>
        <FontString inherits="GameFontNormal" text="Baud Gear Options">
          <Anchors>
            <Anchor point="TOP" relativeTo="$parentHeader">
              <Offset><AbsDimension x="0" y="-14"/></Offset>
            </Anchor>
          </Anchors>
        </FontString>
        <FontString name="BaudGearVersionText" inherits="GameFontNormalSmall">
          <Anchors>
            <Anchor point="TOPRIGHT">
              <Offset><AbsDimension x="-13" y="-13"/></Offset>
            </Anchor>
          </Anchors>
        </FontString>
        <FontString name="BaudGearNoDataText" inherits="GameFontNormal" text="Nothing to Display">
          <Anchors>
            <Anchor point="RIGHT">
              <Offset><AbsDimension x="-75"/></Offset>
            </Anchor>
          </Anchors>
        </FontString>
      </Layer>
    </Layers>

    <Frames>
      <Frame name="BaudGearScrollBox">
        <Size><AbsDimension x="200" y="180"/></Size>
        <Anchors>
          <Anchor point="TOPLEFT">
            <Offset><AbsDimension x="30" y="-30"/></Offset>
          </Anchor>
        </Anchors>
        <Backdrop edgeFile="Interface\Tooltips\UI-Tooltip-Border" tile="true">
          <EdgeSize><AbsValue val="16"/></EdgeSize>
        </Backdrop>
        <Frames>
          <ScrollFrame name="$parentScrollBar" inherits="FauxScrollFrameTemplate">
            <Anchors>
              <Anchor point="TOPLEFT">
                <Offset><AbsDimension x="0" y="-4"/></Offset>
              </Anchor>
              <Anchor point="BOTTOMRIGHT">
                <Offset><AbsDimension x="-26" y="4"/></Offset>
              </Anchor>
            </Anchors>
            <Scripts>
              <OnVerticalScroll>
                FauxScrollFrame_OnVerticalScroll(16, BaudGearScrollBar_Update);
              </OnVerticalScroll>
            </Scripts>
          </ScrollFrame>
          <Frame name="$parentHighlight" hidden="true">
            <Size><AbsDimension x="1" y="16"/></Size>
            <Anchors>
              <Anchor point="LEFT">
                <Offset><AbsDimension x="8"/></Offset>
              </Anchor>
              <Anchor point="RIGHT">
                <Offset><AbsDimension x="-8"/></Offset>
              </Anchor>
            </Anchors>
            <Layers>
              <Layer level="BACKGROUND">
                <Texture name="$parentTexture" file="Interface\Buttons\UI-Listbox-Highlight2"/>
              </Layer>
            </Layers>
            <Scripts>
              <OnLoad>
                getglobal(this:GetName().."Texture"):SetVertexColor(0.5,0.5,0);
              </OnLoad>
            </Scripts>
          </Frame>
        </Frames>
        <Scripts>
          <OnLoad>
            this:SetBackdropBorderColor(0.4, 0.4, 0.4);
            BaudGearScrollBox_OnLoad();
          </OnLoad>
        </Scripts>
      </Frame>
      <Button name="BaudGearNewButton" inherits="GameMenuButtonTemplate" text="New Set">
        <Size><AbsDimension x="100" y="21"/></Size>
        <Anchors>
          <Anchor point="TOPLEFT" relativeTo="BaudGearScrollBox" relativePoint="BOTTOMLEFT">
            <Offset><AbsDimension y="0"/></Offset>
          </Anchor>
        </Anchors>
        <Scripts>
          <OnClick>
            PlaySound("gsTitleOptionExit");
            BaudGearNewSet();
          </OnClick>
        </Scripts>
      </Button>
      <Button name="BaudGearDeleteButton" inherits="GameMenuButtonTemplate" text="Delete Set">
        <Size><AbsDimension x="100" y="21"/></Size>
        <Anchors>
          <Anchor point="TOPRIGHT" relativeTo="BaudGearScrollBox" relativePoint="BOTTOMRIGHT">
            <Offset><AbsDimension y="0"/></Offset>
          </Anchor>
        </Anchors>
        <Scripts>
          <OnClick>
            PlaySound("gsTitleOptionExit");
            BaudGearDeleteSet();
          </OnClick>
        </Scripts>
      </Button>

      <Button name="BaudGearMoveUpButton">
        <Size><AbsDimension x="28" y="28"/></Size>
        <Anchors>
          <Anchor point="LEFT" relativeTo="BaudGearScrollBox" relativePoint="RIGHT">
            <Offset x="10" y="20"/>
          </Anchor>
        </Anchors>
        <HitRectInsets>
          <AbsInset left="6" right="6" top="7" bottom="7"/>
        </HitRectInsets>
        <Scripts>
          <OnClick>
            PlaySound("UChatScrollButton");
            BaudGearMoveButton_OnClick(-1);
          </OnClick>
        </Scripts>
        <NormalTexture file="Interface\MainMenuBar\UI-MainMenu-ScrollUpButton-Up"/>
        <PushedTexture file="Interface\MainMenuBar\UI-MainMenu-ScrollUpButton-Down"/>
        <DisabledTexture file="Interface\MainMenuBar\UI-MainMenu-ScrollUpButton-Disabled"/>
        <HighlightTexture alphaMode="ADD" file="Interface\MainMenuBar\UI-MainMenu-ScrollUpButton-Highlight"/>
      </Button>

      <Button name="BaudGearMoveDownButton">
        <Size><AbsDimension x="28" y="28"/></Size>
        <Anchors>
          <Anchor point="LEFT" relativeTo="BaudGearScrollBox" relativePoint="RIGHT">
            <Offset x="10" y="-20"/>
          </Anchor>
        </Anchors>
        <HitRectInsets>
          <AbsInset left="6" right="6" top="7" bottom="7"/>
        </HitRectInsets>
        <Scripts>
          <OnClick>
            PlaySound("DChatScrollButton");
            BaudGearMoveButton_OnClick(1);
          </OnClick>
        </Scripts>
        <NormalTexture file="Interface\MainMenuBar\UI-MainMenu-ScrollDownButton-Up"/>
        <PushedTexture file="Interface\MainMenuBar\UI-MainMenu-ScrollDownButton-Down"/>
        <DisabledTexture file="Interface\MainMenuBar\UI-MainMenu-ScrollDownButton-Disabled"/>
        <HighlightTexture alphaMode="ADD" file="Interface\MainMenuBar\UI-MainMenu-ScrollDownButton-Highlight"/>
      </Button>

      <Frame name="BaudGearSetData" setAllPoints="true" hidden="true">
        <Frames>
          <EditBox name="BaudGearEditBox" letters="15" autoFocus="false" inherits="InputBoxTemplate">
            <Size><AbsDimension x="150" y="16"/></Size>
            <Anchors>
              <Anchor point="TOPRIGHT">
                <Offset><AbsDimension x="-40" y="-30"/></Offset>
              </Anchor>
            </Anchors>
            <Scripts>
              <OnTextChanged>
                BaudGearEditBox_OnTextChanged();
              </OnTextChanged>
            </Scripts>
          </EditBox>
        </Frames>
      </Frame>

      <Button name="$parentOkay" inherits="GameMenuButtonTemplate" text="OKAY">
        <Size><AbsDimension x="100" y="21"/></Size>
        <Anchors>
          <Anchor point="BOTTOMRIGHT">
            <Offset><AbsDimension x="-16" y="16"/></Offset>
          </Anchor>
        </Anchors>
        <Scripts>
          <OnClick>
            PlaySound("gsTitleOptionOK");
            this:GetParent():Hide();
          </OnClick>
        </Scripts>
      </Button>
    </Frames>

    <Scripts>
      <OnLoad>
        BaudGear_OnLoad();
      </OnLoad>
      <OnEvent>
        BaudGear_OnEvent();
      </OnEvent>
      <OnShow>
        BaudGear_OnShow();
      </OnShow>
      <OnDragStart>
        this:StartMoving();
      </OnDragStart>
      <OnDragStop>
        this:StopMovingOrSizing();
      </OnDragStop>
    </Scripts>
  </Frame>

  <Button name="BaudGearMinimapButton" frameStrata="DIALOG" parent="UIParent" movable="true">
    <Size><AbsDimension x="33" y="33"/></Size>
    <Anchors>
      <Anchor point="BOTTOMLEFT" relativeTo="Minimap">
        <Offset><AbsDimension x="-25" y="43"/></Offset>
      </Anchor>
    </Anchors>
    <Layers>
      <Layer level="BACKGROUND">
        <Texture file="" setAllPoints="true"/>
      </Layer>
      <Layer level="BORDER">
        <Texture file="Interface\Buttons\UI-Checkbox-SwordCheck">
          <Size><AbsDimension x="20" y="20"/></Size>
          <Anchors><Anchor point="CENTER"/></Anchors>
          <TexCoords left="0" right="0.6" top="0" bottom="0.6"/>
        </Texture>
      </Layer>
      <Layer level="ARTWORK">
        <Texture file="">
          <Size><AbsDimension x="52" y="52"/></Size>
          <Anchors><Anchor point="TOPLEFT"/></Anchors>
        </Texture>
      </Layer>
    </Layers>
    <HighlightTexture alphaMode="ADD" file=""/>
    <Frames>
      <Frame name="BaudGearDropDown" inherits="UIDropDownMenuTemplate" id="1" hidden="true">
        <Scripts>
          <OnLoad>
            BaudGearDropDown_OnLoad();
          </OnLoad>
        </Scripts>
      </Frame>
    </Frames>
    <Scripts>
      <OnLoad>
        BaudGearMinimapButton_OnLoad();
      </OnLoad>
      <OnClick>
        BaudGearMinimapButton_OnClick();
      </OnClick>
      <OnEnter>
        BaudGearMinimapButton_OnEnter();
      </OnEnter>
      <OnLeave>
        BaudGearMinimapButton_OnLeave();
      </OnLeave>
      <OnDragStart>
        BaudGearMinimapButton_OnDragStart();
      </OnDragStart>
      <OnDragStop>
        BaudGearMinimapButton_OnDragStop();
      </OnDragStop>
      <OnUpdate>
        BaudGearMinimapButton_OnUpdate();
      </OnUpdate>
    </Scripts>
  </Button>
</Ui>
