<Ui xmlns="http://www.blizzard.com/wow/ui/" xmlns:xsi="http://www.w3.org/2001/XMLSchema-instance" xsi:schemaLocation="http://www.blizzard.com/wow/ui/
..\FrameXML\UI.xsd">
	<Script file="HonorFrame.lua"/>
	<Include file="HonorFrameTemplates.xml"/>
	<Frame name="HonorFrame" setAllPoints="true" enableMouse="true" parent="CharacterFrame" hidden="true">
		<HitRectInsets>
			<AbsInset left="0" right="30" top="0" bottom="75"/>
		</HitRectInsets>
		<Layers>
			<Layer level="BACKGROUND">
				<Texture file="Interface\PaperDollInfoFrame\UI-Character-General-TopLeft">
					<Size>
						<AbsDimension x="256" y="256"/>
					</Size>
					<Anchors>
						<Anchor point="TOPLEFT">
							<Offset>
								<AbsDimension x="2" y="-1"/>
							</Offset>
						</Anchor>
					</Anchors>
				</Texture>
				<Texture file="Interface\PaperDollInfoFrame\UI-Character-General-TopRight">
					<Size>
						<AbsDimension x="128" y="256"/>
					</Size>
					<Anchors>
						<Anchor point="TOPLEFT">
							<Offset>
								<AbsDimension x="258" y="-1"/>
							</Offset>
						</Anchor>
					</Anchors>
				</Texture>
				<Texture file="Interface\PaperDollInfoFrame\UI-Character-General-BottomLeft">
					<Size>
						<AbsDimension x="256" y="256"/>
					</Size>
					<Anchors>
						<Anchor point="TOPLEFT">
							<Offset>
								<AbsDimension x="2" y="-257"/>
							</Offset>
						</Anchor>
					</Anchors>
				</Texture>
				<Texture file="Interface\PaperDollInfoFrame\UI-Character-General-BottomRight">
					<Size>
						<AbsDimension x="128" y="256"/>
					</Size>
					<Anchors>
						<Anchor point="TOPLEFT">
							<Offset>
								<AbsDimension x="258" y="-257"/>
							</Offset>
						</Anchor>
					</Anchors>
				</Texture>
				<FontString name="HonorLevelText" inherits="GameFontNormalSmall" text="Level level race class">
                    <Anchors>
                        <Anchor point="TOP" relativeTo="CharacterNameText" relativePoint="BOTTOM">
                            <Offset>
                                <AbsDimension x="0" y="-6"/>
                            </Offset>
                        </Anchor>
                    </Anchors>
                </FontString>
                <FontString name="HonorGuildText" inherits="GameFontNormalSmall">
                    <Anchors>
                        <Anchor point="TOP" relativeTo="HonorLevelText" relativePoint="BOTTOM">
                            <Offset>
                                <AbsDimension x="0" y="-1"/>
                            </Offset>
                        </Anchor>
                    </Anchors>
                </FontString>
			</Layer>
			<Layer level="ARTWORK">
				<Texture file="Interface\PaperDollInfoFrame\UI-Character-Honor-TopLeft">
					<Size>
						<AbsDimension x="256" y="256"/>
					</Size>
					<Anchors>
						<Anchor point="TOPLEFT">
							<Offset>
								<AbsDimension x="22" y="-69"/>
							</Offset>
						</Anchor>
					</Anchors>
				</Texture>
				<Texture file="Interface\PaperDollInfoFrame\UI-Character-Honor-TopRight">
					<Size>
						<AbsDimension x="128" y="256"/>
					</Size>
					<Anchors>
						<Anchor point="TOPLEFT">
							<Offset>
								<AbsDimension x="275" y="-69"/>
							</Offset>
						</Anchor>
					</Anchors>
				</Texture>
				<Texture file="Interface\PaperDollInfoFrame\UI-Character-Honor-BottomLeft">
					<Size>
						<AbsDimension x="256" y="128"/>
					</Size>
					<Anchors>
						<Anchor point="TOPLEFT">
							<Offset>
								<AbsDimension x="22" y="-325"/>
							</Offset>
						</Anchor>
					</Anchors>
				</Texture>
				<Texture file="Interface\PaperDollInfoFrame\UI-Character-Honor-BottomRight">
					<Size>
						<AbsDimension x="128" y="128"/>
					</Size>
					<Anchors>
						<Anchor point="TOPLEFT">
							<Offset>
								<AbsDimension x="275" y="-325"/>
							</Offset>
						</Anchor>
					</Anchors>
				</Texture>
				<FontString name="HonorFrameCurrentPVPTitle" inherits="GameFontNormal">
					<Anchors>
						<Anchor point="TOP">
							<Offset>
								<AbsDimension x="0" y="-87"/>
							</Offset>
						</Anchor>
					</Anchors>
				</FontString>
				<FontString name="HonorFrameCurrentPVPRank" inherits="GameFontNormalSmall">
					<Anchors>
						<Anchor point="LEFT" relativeTo="HonorFrameCurrentPVPTitle" relativePoint="RIGHT">
							<Offset>
								<AbsDimension x="5" y="-1"/>
							</Offset>
						</Anchor>
					</Anchors>
				</FontString>
				<FontString name="HonorFrameCurrentSessionTitle" inherits="GameFontNormal" text="HONOR_THIS_SESSION">
					<Anchors>
						<Anchor point="TOPLEFT">
							<Offset>
								<AbsDimension x="36" y="-112"/>
							</Offset>
						</Anchor>
					</Anchors>
				</FontString>
				<FontString name="HonorFrameYesterdayTitle" inherits="GameFontNormal" text="HONOR_YESTERDAY">
					<Anchors>
						<Anchor point="TOPLEFT" relativeTo="HonorFrameCurrentSessionTitle" relativePoint="BOTTOMLEFT">
							<Offset>
								<AbsDimension x="0" y="-41"/>
							</Offset>
						</Anchor>
					</Anchors>
				</FontString>
				<FontString name="HonorFrameThisWeekTitle" inherits="GameFontNormal" text="HONOR_THISWEEK">
					<Anchors>
						<Anchor point="TOPLEFT" relativeTo="HonorFrameYesterdayTitle" relativePoint="BOTTOMLEFT">
							<Offset>
								<AbsDimension x="0" y="-43"/>
							</Offset>
						</Anchor>
					</Anchors>
				</FontString>
				<FontString name="HonorFrameLastWeekTitle" inherits="GameFontNormal" text="HONOR_LASTWEEK">
					<Anchors>
						<Anchor point="TOPLEFT" relativeTo="HonorFrameThisWeekTitle" relativePoint="BOTTOMLEFT">
							<Offset>
								<AbsDimension x="0" y="-42"/>
							</Offset>
						</Anchor>
					</Anchors>
				</FontString>
				<FontString name="HonorFrameLifeTimeTitle" inherits="GameFontNormal" text="HONOR_LIFETIME">
					<Anchors>
						<Anchor point="TOPLEFT" relativeTo="HonorFrameLastWeekTitle" relativePoint="BOTTOMLEFT">
							<Offset>
								<AbsDimension x="0" y="-64"/>
							</Offset>
						</Anchor>
					</Anchors>
				</FontString>
			</Layer>
			<Layer level="OVERLAY">
				<Texture name="HonorFramePvPIcon">
					<Size>
						<AbsDimension x="24" y="24"/>
					</Size>
					<Anchors>
						<Anchor point="RIGHT" relativeTo="HonorFrameCurrentPVPTitle" relativePoint="LEFT">
							<Offset>
								<AbsDimension x="-5" y="0"/>
							</Offset>
						</Anchor>
					</Anchors>
				</Texture>
			</Layer>
		</Layers>
		<Frames>
			<Frame name="HonorFrameCurrentHK" inherits="HonorFrameHKButtonTemplate">
				<Anchors>
					<Anchor point="TOPLEFT" relativeTo="HonorFrameCurrentSessionTitle" relativePoint="BOTTOMLEFT">
						<Offset>
							<AbsDimension x="10" y="-3"/>
						</Offset>
					</Anchor>
				</Anchors>
			</Frame>
			<Frame name="HonorFrameCurrentDK" inherits="HonorFrameDKButtonTemplate">
				<Anchors>
					<Anchor point="TOPLEFT" relativeTo="HonorFrameCurrentHK" relativePoint="BOTTOMLEFT">
						<Offset>
							<AbsDimension x="0" y="-2"/>
						</Offset>
					</Anchor>
				</Anchors>
			</Frame>
			<Frame name="HonorFrameYesterdayHK" inherits="HonorFrameHKButtonTemplate">
				<Anchors>
					<Anchor point="TOPLEFT" relativeTo="HonorFrameYesterdayTitle" relativePoint="BOTTOMLEFT">
						<Offset>
							<AbsDimension x="10" y="-3"/>
						</Offset>
					</Anchor>
				</Anchors>
			</Frame>
			<Frame name="HonorFrameYesterdayContribution" inherits="HonorFrameContributionButtonTemplate">
				<Anchors>
					<Anchor point="TOPLEFT" relativeTo="HonorFrameYesterdayHK" relativePoint="BOTTOMLEFT">
						<Offset>
							<AbsDimension x="0" y="-3"/>
						</Offset>
					</Anchor>
				</Anchors>
			</Frame>
			<Frame name="HonorFrameThisWeekHK" inherits="HonorFrameHKButtonTemplate">
				<Anchors>
					<Anchor point="TOPLEFT" relativeTo="HonorFrameThisWeekTitle" relativePoint="BOTTOMLEFT">
						<Offset>
							<AbsDimension x="10" y="-3"/>
						</Offset>
					</Anchor>
				</Anchors>
			</Frame>
			<Frame name="HonorFrameThisWeekContribution" inherits="HonorFrameContributionButtonTemplate">
				<Anchors>
					<Anchor point="TOPLEFT" relativeTo="HonorFrameThisWeekHK" relativePoint="BOTTOMLEFT">
						<Offset>
							<AbsDimension x="0" y="-3"/>
						</Offset>
					</Anchor>
				</Anchors>
			</Frame>
			<Frame name="HonorFrameLastWeekHK" inherits="HonorFrameHKButtonTemplate">
				<Anchors>
					<Anchor point="TOPLEFT" relativeTo="HonorFrameLastWeekTitle" relativePoint="BOTTOMLEFT">
						<Offset>
							<AbsDimension x="10" y="-3"/>
						</Offset>
					</Anchor>
				</Anchors>
			</Frame>
			<Frame name="HonorFrameLastWeekContribution" inherits="HonorFrameContributionButtonTemplate">
				<Anchors>
					<Anchor point="TOPLEFT" relativeTo="HonorFrameLastWeekHK" relativePoint="BOTTOMLEFT">
						<Offset>
							<AbsDimension x="0" y="-2"/>
						</Offset>
					</Anchor>
				</Anchors>
			</Frame>
			<Frame name="HonorFrameLastWeekStanding" inherits="HonorFrameStandingButtonTemplate">
				<Anchors>
					<Anchor point="TOPLEFT" relativeTo="HonorFrameLastWeekContribution" relativePoint="BOTTOMLEFT">
						<Offset>
							<AbsDimension x="0" y="-2"/>
						</Offset>
					</Anchor>
				</Anchors>
			</Frame>
			<Frame name="HonorFrameLifeTimeHK" inherits="HonorFrameHKButtonTemplate">
				<Anchors>
					<Anchor point="TOPLEFT" relativeTo="HonorFrameLifeTimeTitle" relativePoint="BOTTOMLEFT">
						<Offset>
							<AbsDimension x="10" y="-4"/>
						</Offset>
					</Anchor>
				</Anchors>
			</Frame>
			<Frame name="HonorFrameLifeTimeDK" inherits="HonorFrameDKButtonTemplate">
				<Anchors>
					<Anchor point="TOPLEFT" relativeTo="HonorFrameLifeTimeHK" relativePoint="BOTTOMLEFT">
						<Offset>
							<AbsDimension x="0" y="-4"/>
						</Offset>
					</Anchor>
				</Anchors>
			</Frame>
			<Frame name="HonorFrameLifeTimeRank" inherits="HonorFrameRankButtonTemplate">
				<Anchors>
					<Anchor point="TOPLEFT" relativeTo="HonorFrameLifeTimeDK" relativePoint="BOTTOMLEFT">
						<Offset>
							<AbsDimension x="0" y="-4"/>
						</Offset>
					</Anchor>
				</Anchors>
			</Frame>
			<Frame name="HonorFrameRankButton" enableMouse="true" hidden="false">
				<Size>
					<AbsDimension x="10" y="24"/>
				</Size>
				<Anchors>
					<Anchor point="LEFT" relativeTo="HonorFramePvPIcon"/>
					<Anchor point="RIGHT" relativeTo="HonorFrameCurrentPVPRank"/>
				</Anchors>
				<Scripts>
					<OnEnter>
						GameTooltip:SetOwner(this, "ANCHOR_RIGHT");
						GameTooltip:SetText(RANK, HIGHLIGHT_FONT_COLOR.r, HIGHLIGHT_FONT_COLOR.g, HIGHLIGHT_FONT_COLOR.b);
						GameTooltip:AddLine(NEWBIE_TOOLTIP_RANK, NORMAL_FONT_COLOR.r, NORMAL_FONT_COLOR.g, NORMAL_FONT_COLOR.b, 1);
						GameTooltip:Show();
					</OnEnter>
					<OnLeave>
						GameTooltip:Hide();
					</OnLeave>
				</Scripts>
			</Frame>
			<StatusBar name="HonorFrameProgressBar" drawLayer="BORDER" minValue="0" maxValue="1" defaultValue="0">
				<Size>
					<AbsDimension x="315" y="29"/>
				</Size>
				<Anchors>
					<Anchor point="TOPLEFT">
						<Offset>
							<AbsDimension x="22" y="-77"/>
						</Offset>
					</Anchor>
				</Anchors>
				<Frames>
					<Frame name="HonorFrameProgressButton" enableMouse="true" setAllPoints="true">
						<Scripts>
							<OnLoad>
								this:SetFrameLevel(this:GetFrameLevel() - 1);
							</OnLoad>
							<OnEnter>
								GameTooltip:SetOwner(this, "ANCHOR_RIGHT");
								GameTooltip:SetText(RANK_POSITION, HIGHLIGHT_FONT_COLOR.r, HIGHLIGHT_FONT_COLOR.g, HIGHLIGHT_FONT_COLOR.b);
								GameTooltip:AddLine(NEWBIE_TOOLTIP_RANK_POSITION, NORMAL_FONT_COLOR.r, NORMAL_FONT_COLOR.g, NORMAL_FONT_COLOR.b, 1);
								GameTooltip:Show();
							</OnEnter>
							<OnLeave>
								GameTooltip:Hide();
							</OnLeave>
						</Scripts>
					</Frame>
				</Frames>
				<Scripts>
					<OnLoad>
						this:SetFrameLevel(this:GetFrameLevel() - 1);
					</OnLoad>
				</Scripts>
				<BarTexture name="$parentBar" file="Interface\PaperDollInfoFrame\UI-Character-Skills-Bar" />
			</StatusBar>
		</Frames>
		<Scripts>
			<OnLoad>
				HonorFrame_OnLoad();
			</OnLoad>
			<OnEvent>
				HonorFrame_OnEvent(event);
			</OnEvent>
		</Scripts>
	</Frame>
</Ui>
