<Ui xmlns="http://www.blizzard.com/wow/ui/" xmlns:xsi="http://www.w3.org/2001/XMLSchema-instance" xsi:schemaLocation="http://www.blizzard.com/wow/ui/
..\FrameXML\UI.xsd">
	<Script file="KnowledgeBaseFrame.lua"/>
	<Button name="KnowledgeBaseArticleListItemTemplate" virtual="true">
		<Size>
			<AbsDimension x="569" y="15"/>
		</Size>	
		<Layers>
			<Layer level="BACKGROUND">
				<Texture name="$parentHotIcon" file="Interface\HelpFrame\HotIssueIcon">
					<Size>
						<AbsDimension x="14" y="14"/>
					</Size>
					<Anchors>
						<Anchor point="TOPLEFT" >
							<Offset>
								<AbsDimension x="3" y="0"/>
							</Offset>
						</Anchor>
					</Anchors>
				</Texture>
				<Texture name="$parentUpdatedIcon" file="Interface\GossipFrame\AvailableQuestIcon">
					<Size>
						<AbsDimension x="14" y="14"/>
					</Size>
					<Anchors>
						<Anchor point="LEFT" relativeTo="$parentHotIcon" relativePoint="RIGHT">
							<Offset>
								<AbsDimension x="0" y="0"/>
							</Offset>
						</Anchor>
					</Anchors>
				</Texture>				
				<FontString name="$parentNumber" inherits="GameFontNormal" justifyH="RIGHT">
					<Size>
						<AbsDimension x="0" y="12"/>
					</Size>
					<Anchors>
						<Anchor point="TOPRIGHT" relativeTo="$parent" relativePoint="TOPLEFT">
							<Offset>
								<AbsDimension x="60" y="0"/>
							</Offset>
						</Anchor>
					</Anchors>
				</FontString>				
				<FontString name="$parentTitle" inherits="GameFontWhite" justifyH="LEFT">
					<Size>
						<AbsDimension x="485" y="12"/>
					</Size>
					<Anchors>
						<Anchor point="LEFT" relativeTo="$parentNumber" relativePoint="RIGHT">
							<Offset>
								<AbsDimension x="5" y="0"/>
							</Offset>
						</Anchor>
					</Anchors>
				</FontString>						
			</Layer>
		</Layers>
		<Scripts>
			<OnClick>
				KnowledgeBaseArticleListItem_OnClick();
			</OnClick>
			<OnEnter>
				KnowledgeBaseArticleListItem_OnEnter(self);
			</OnEnter>
			<OnLeave>
				KnowledgeBaseArticleListItem_OnLeave(self);
			</OnLeave>
			<OnUpdate>
				KnowledgeBaseArticleListItem_OnUpdate(self, elapsed);
			</OnUpdate>
		</Scripts>
		<HighlightTexture file="Interface\QuestFrame\UI-QuestTitleHighlight" alphaMode="ADD"/>
	</Button>

	<Frame name="KnowledgeBaseFrame" parent="HelpFrame" setAllPoints="true" hidden="true">
		<Size>
			<AbsDimension x="640" y="512"/>
		</Size>
		<HitRectInsets>
			<AbsInset left="0" right="44" top="0" bottom="13"/>
		</HitRectInsets>
		<Layers>
			<Layer level="ARTWORK">
				<Texture name="KnowledgeBaseFrameHeader" file="Interface\DialogFrame\UI-DialogBox-Header">
					<Size>
						<AbsDimension x="336" y="64"/>
					</Size>
					<Anchors>
						<Anchor point="TOP">
							<Offset>
								<AbsDimension x="-22" y="12"/>
							</Offset>
						</Anchor>
					</Anchors>
				</Texture>
				<FontString inherits="GameFontNormal" text="KNOWLEDGEBASE_FRAME_TITLE">
					<Anchors>
						<Anchor point="TOP" relativeTo="KnowledgeBaseFrameHeader">
							<Offset>
								<AbsDimension x="0" y="-14"/>
							</Offset>
						</Anchor>
					</Anchors>
				</FontString>
				<FontString name="KnowledgeBaseMotdLabel" inherits="GameFontGreen" text="MOTD_COLON">
					<Anchors>
						<Anchor point="TOPLEFT">
							<Offset>
								<AbsDimension x="23" y="-57"/>
							</Offset>
						</Anchor>
					</Anchors>
				</FontString>
				<FontString name="KnowledgeBaseServerMessageLabel" inherits="GameFontGreen" text="SERVER_MESSAGE_COLON">
					<Anchors>
						<Anchor point="TOPLEFT" relativeTo="KnowledgeBaseMotdLabel" relativePoint="BOTTOMLEFT">
							<Offset>
								<AbsDimension x="0" y="-5"/>
							</Offset>
						</Anchor>
					</Anchors>
				</FontString>
			</Layer>
		</Layers>
		<Frames>
			<Button name="KnowledgeBaseFrameTopIssuesButton" inherits="GameMenuButtonTemplate" text="KBASE_TOP_ISSUES">	
				<Size>
					<AbsDimension x="95" y="21"/>
				</Size>
				<Anchors>
					<Anchor point="TOPRIGHT">
						<Offset>
							<AbsDimension x="-85" y="-22"/>
						</Offset>
					</Anchor>
				</Anchors>
				<Scripts>
					<OnClick>
						PlaySound("igMainMenuOptionCheckBoxOn");
						KnowledgeBaseFrame_LoadTopIssues();
					</OnClick>
					<OnUpdate>
						SearchButton_OnUpdate(self, elapsed);
					</OnUpdate>
				</Scripts>
			</Button>
			<Frame name="KnowledgeBaseMotdTextFrame">
				<Size>
					<AbsDimension x="0" y="0"/>
				</Size>
				<Anchors>
					<Anchor point="TOPLEFT" relativeTo="KnowledgeBaseMotdLabel" relativePoint="TOPRIGHT">
						<Offset>
							<AbsDimension x="3" y="0"/>
						</Offset>
					</Anchor>
				</Anchors>
				<Layers>
					<Layer level="BACKGROUND">
						<FontString name="KnowledgeBaseMotdText" inherits="GameFontHighlight" justifyH="LEFT">
							<Size>
								<AbsDimension x="0" y="12"/>
							</Size>
							<Anchors>
								<Anchor point="TOPLEFT">
									<Offset>
										<AbsDimension x="0" y="0"/>
									</Offset>
								</Anchor>
							</Anchors>
						</FontString>
					</Layer>
				</Layers>
				<Scripts>
					<OnEnter>
						KnowledgeBaseMotdTextFrame_OnEnter();
					</OnEnter>
					<OnUpdate>
						KnowledgeBaseMotdTextFrame_OnUpdate(self, elapsed);
					</OnUpdate>
					<OnLeave>
						KnowledgeBaseMotdTextFrame_OnLeave();
					</OnLeave>
				</Scripts>
			</Frame>
			<Frame name="KnowledgeBaseServerMessageTextFrame">
				<Size>
					<AbsDimension x="0" y="0"/>
				</Size>
				<Anchors>
					<Anchor point="TOPLEFT" relativeTo="KnowledgeBaseServerMessageLabel" relativePoint="TOPRIGHT">
						<Offset>
							<AbsDimension x="3" y="0"/>
						</Offset>
					</Anchor>
				</Anchors>
				<Layers>
					<Layer level="BACKGROUND">
						<FontString name="KnowledgeBaseServerMessageText" inherits="GameFontHighlight" justifyH="LEFT">
							<Size>
								<AbsDimension x="0" y="12"/>
							</Size>
							<Anchors>
								<Anchor point="TOPLEFT">
									<Offset>
										<AbsDimension x="0" y="0"/>
									</Offset>
								</Anchor>
							</Anchors>
						</FontString>
					</Layer>
				</Layers>
				<Scripts>
					<OnEnter>
						KnowledgeBaseServerMessageTextFrame_OnEnter();
					</OnEnter>
					<OnUpdate>
						KnowledgeBaseServerMessageTextFrame_OnUpdate(self, elapsed);
					</OnUpdate>
					<OnLeave>
						KnowledgeBaseServerMessageTextFrame_OnLeave();
					</OnLeave>
				</Scripts>
			</Frame>

			<Frame name="KnowledgeBaseFrameDivider" inherits="HelpFrameDividerTemplate">
				<Anchors>
					<Anchor point="TOPLEFT">
						<Offset>
							<AbsDimension x="12" y="-84"/>
						</Offset>
					</Anchor>
				</Anchors>
			</Frame>
			<EditBox name="KnowledgeBaseFrameEditBox" inherits="InputBoxTemplate" historyLines="0" autoFocus="false">
				<Size>
					<AbsDimension x="198" y="32"/>
				</Size>
				<Anchors>
					<Anchor point="TOPLEFT" relativeTo="KnowledgeBaseFrameDivider" relativePoint="BOTTOMLEFT">
						<Offset>
							<AbsDimension x="14" y="9"/>
						</Offset>
					</Anchor>
				</Anchors>	
				<Scripts>
					<OnEnterPressed>
						if ( KnowledgeBaseFrameSearchButton:IsEnabled() == 1 ) then
							KnowledgeBaseFrame_Search(1);
						end
					</OnEnterPressed>
					<OnEscapePressed>
						self:ClearFocus();
					</OnEscapePressed>
					<OnEditFocusLost>
						self:HighlightText(0, 0);
					</OnEditFocusLost>
					<OnEditFocusGained>
						self:HighlightText();
					</OnEditFocusGained>
				</Scripts>
			</EditBox>
			<Frame name="KnowledgeBaseFrameCategoryDropDown" inherits="UIDropDownMenuTemplate">
				<Anchors>
					<Anchor point="LEFT" relativeTo="KnowledgeBaseFrameEditBox" relativePoint="RIGHT">
						<Offset>
							<AbsDimension x="-15" y="-2"/>
						</Offset>
					</Anchor>
				</Anchors>
				<Scripts>
					<OnLoad>
						KnowledgeBaseFrameCategoryDropDown_OnLoad();
					</OnLoad>
				</Scripts>
			</Frame>
			<Frame name="KnowledgeBaseFrameSubCategoryDropDown" inherits="UIDropDownMenuTemplate">
				<Anchors>
					<Anchor point="LEFT" relativeTo="KnowledgeBaseFrameCategoryDropDown" relativePoint="RIGHT">
						<Offset>
							<AbsDimension x="-32" y="0"/>
						</Offset>
					</Anchor>
				</Anchors>
				<Scripts>
					<OnLoad>
						KnowledgeBaseFrameSubCategoryDropDown_OnLoad();
					</OnLoad>
				</Scripts>
			</Frame>
			<Button name="KnowledgeBaseFrameSearchButton" inherits="GameMenuButtonTemplate" text="SEARCH">
				<Size>
					<AbsDimension x="85" y="21"/>
				</Size>
				<Anchors>
					<Anchor point="LEFT" relativeTo="KnowledgeBaseFrameSubCategoryDropDown" relativePoint="RIGHT">
						<Offset>
							<AbsDimension x="-16" y="2"/>
						</Offset>
					</Anchor>
				</Anchors>
				<Scripts>
					<OnClick>
						PlaySound("igMainMenuOptionCheckBoxOn");
						KnowledgeBaseFrame_Search(1);
					</OnClick>
					<OnUpdate>
						SearchButton_OnUpdate(self, elapsed);
					</OnUpdate>
				</Scripts>
			</Button>
			<Frame name="KnowledgeBaseFrameDivider2" inherits="HelpFrameDividerTemplate">
				<Anchors>
					<Anchor point="TOPLEFT">
						<Offset>
							<AbsDimension x="12" y="-117"/>
						</Offset>
					</Anchor>
				</Anchors>
			</Frame>
			<Frame name="KnowledgeBaseArticleListFrame" hidden="true">
				<Size>
					<AbsDimension x="0" y="0"/>
				</Size>
				<Anchors>
					<Anchor point="TOPLEFT" relativeTo="KnowledgeBaseFrameDivider2" relativePoint="BOTTOMLEFT">
						<Offset>
							<AbsDimension x="7" y="4"/>
						</Offset>
					</Anchor>
					<Anchor point="BOTTOMRIGHT" >
						<Offset>
							<AbsDimension x="-52" y="48"/>
						</Offset>
					</Anchor>
				</Anchors>
				<Layers>				
					<Layer level="ARTWORK">
						<FontString name="KnowledgeBaseArticleListFrameTitle" inherits="GameFontNormalLarge" text="KBASE_TOP_ISSUES">
							<Anchors>
								<Anchor point="TOPLEFT">
									<Offset>
										<AbsDimension x="5" y="-2"/>
									</Offset>
								</Anchor>
							</Anchors>
						</FontString>					
						<FontString name="KnowledgeBaseArticleListFrameCount" inherits="GameFontNormalSmall" text="ARTICLE_COUNT">							
						</FontString>
					</Layer>
				</Layers>
				<Frames>
					<Button name="KnowledgeBaseArticleListFrameNextButton">
						<Size>
							<AbsDimension x="24" y="24"/>
						</Size>
						<Anchors>
							<Anchor point="TOPRIGHT">
								<Offset>
									<AbsDimension x="0" y="0"/>
								</Offset>
							</Anchor>
						</Anchors>
						<Layers>
							<Layer level="BACKGROUND">
								<FontString name="$parentText" inherits="GameFontNormalSmall" justifyH="LEFT" text="NEXT">
									<Anchors>
										<Anchor point="RIGHT" relativePoint="LEFT"/>
									</Anchors>
								</FontString>
							</Layer>
						</Layers>
						<Scripts>
							<OnClick>
								PlaySound("igMainMenuOptionCheckBoxOn");
								KnowledgeBaseArticleListFrame_NextPage();
							</OnClick>
						</Scripts>
						<NormalTexture file="Interface\Buttons\UI-SpellbookIcon-NextPage-Up"/>
						<PushedTexture file="Interface\Buttons\UI-SpellbookIcon-NextPage-Down"/>
						<DisabledTexture file="Interface\Buttons\UI-SpellbookIcon-NextPage-Disabled"/>
						<HighlightTexture file="Interface\Buttons\UI-Common-MouseHilight" alphaMode="ADD"/>
					</Button>
					<Button name="KnowledgeBaseArticleListFramePreviousButton">
						<Size>
							<AbsDimension x="24" y="24"/>
						</Size>
						<Anchors>
							<Anchor point="RIGHT" relativeTo="KnowledgeBaseArticleListFrameNextButton" relativePoint="LEFT">
								<Offset>
									<AbsDimension x="0" y="0"/>
								</Offset>
							</Anchor>
						</Anchors>
						<Layers>
							<Layer level="BACKGROUND">
								<FontString name="$parentText" inherits="GameFontNormalSmall" justifyH="LEFT" text="PREVIOUS">
									<Anchors>
										<Anchor point="LEFT" relativePoint="RIGHT"/>
									</Anchors>
								</FontString>
							</Layer>
						</Layers>
						<Scripts>
							<OnClick>
								PlaySound("igMainMenuOptionCheckBoxOn");
								KnowledgeBaseArticleListFrame_PreviousPage();
							</OnClick>
						</Scripts>
						<NormalTexture file="Interface\Buttons\UI-SpellbookIcon-PrevPage-Up"/>
						<PushedTexture file="Interface\Buttons\UI-SpellbookIcon-PrevPage-Down"/>
						<DisabledTexture file="Interface\Buttons\UI-SpellbookIcon-PrevPage-Disabled"/>
						<HighlightTexture file="Interface\Buttons\UI-Common-MouseHilight" alphaMode="ADD"/>
					</Button>
					<Button name="KnowledgeBaseArticleListItem1" inherits="KnowledgeBaseArticleListItemTemplate">
						<Anchors>
							<Anchor point="TOPLEFT" relativeTo="KnowledgeBaseArticleListFrameTitle" relativePoint="BOTTOMLEFT">
								<Offset>
									<AbsDimension x="-5" y="-7"/>
								</Offset>
							</Anchor>
						</Anchors>						
					</Button>
					<Button name="KnowledgeBaseArticleListItem2" inherits="KnowledgeBaseArticleListItemTemplate">
						<Anchors>
							<Anchor point="TOPLEFT" relativeTo="KnowledgeBaseArticleListItem1" relativePoint="BOTTOMLEFT">
							</Anchor>
						</Anchors>						
					</Button>
					<Button name="KnowledgeBaseArticleListItem3" inherits="KnowledgeBaseArticleListItemTemplate">
						<Anchors>
							<Anchor point="TOPLEFT" relativeTo="KnowledgeBaseArticleListItem2" relativePoint="BOTTOMLEFT">
							</Anchor>
						</Anchors>						
					</Button>
					<Button name="KnowledgeBaseArticleListItem4" inherits="KnowledgeBaseArticleListItemTemplate">
						<Anchors>
							<Anchor point="TOPLEFT" relativeTo="KnowledgeBaseArticleListItem3" relativePoint="BOTTOMLEFT">
							</Anchor>
						</Anchors>						
					</Button>
					<Button name="KnowledgeBaseArticleListItem5" inherits="KnowledgeBaseArticleListItemTemplate">
						<Anchors>
							<Anchor point="TOPLEFT" relativeTo="KnowledgeBaseArticleListItem4" relativePoint="BOTTOMLEFT">
							</Anchor>
						</Anchors>						
					</Button>
					<Button name="KnowledgeBaseArticleListItem6" inherits="KnowledgeBaseArticleListItemTemplate">
						<Anchors>
							<Anchor point="TOPLEFT" relativeTo="KnowledgeBaseArticleListItem5" relativePoint="BOTTOMLEFT">
							</Anchor>
						</Anchors>						
					</Button>
					<Button name="KnowledgeBaseArticleListItem7" inherits="KnowledgeBaseArticleListItemTemplate">
						<Anchors>
							<Anchor point="TOPLEFT" relativeTo="KnowledgeBaseArticleListItem6" relativePoint="BOTTOMLEFT">
							</Anchor>
						</Anchors>						
					</Button>
					<Button name="KnowledgeBaseArticleListItem8" inherits="KnowledgeBaseArticleListItemTemplate">
						<Anchors>
							<Anchor point="TOPLEFT" relativeTo="KnowledgeBaseArticleListItem7" relativePoint="BOTTOMLEFT">
							</Anchor>
						</Anchors>						
					</Button>
					<Button name="KnowledgeBaseArticleListItem9" inherits="KnowledgeBaseArticleListItemTemplate">
						<Anchors>
							<Anchor point="TOPLEFT" relativeTo="KnowledgeBaseArticleListItem8" relativePoint="BOTTOMLEFT">
							</Anchor>
						</Anchors>						
					</Button>
					<Button name="KnowledgeBaseArticleListItem10" inherits="KnowledgeBaseArticleListItemTemplate">
						<Anchors>
							<Anchor point="TOPLEFT" relativeTo="KnowledgeBaseArticleListItem9" relativePoint="BOTTOMLEFT">
							</Anchor>
						</Anchors>						
					</Button>
					<Button name="KnowledgeBaseArticleListItem11" inherits="KnowledgeBaseArticleListItemTemplate">
						<Anchors>
							<Anchor point="TOPLEFT" relativeTo="KnowledgeBaseArticleListItem10" relativePoint="BOTTOMLEFT">
							</Anchor>
						</Anchors>						
					</Button>
					<Button name="KnowledgeBaseArticleListItem12" inherits="KnowledgeBaseArticleListItemTemplate">
						<Anchors>
							<Anchor point="TOPLEFT" relativeTo="KnowledgeBaseArticleListItem11" relativePoint="BOTTOMLEFT">
							</Anchor>
						</Anchors>						
					</Button>
					<Button name="KnowledgeBaseArticleListItem13" inherits="KnowledgeBaseArticleListItemTemplate">
						<Anchors>
							<Anchor point="TOPLEFT" relativeTo="KnowledgeBaseArticleListItem12" relativePoint="BOTTOMLEFT">
							</Anchor>
						</Anchors>						
					</Button>
					<Button name="KnowledgeBaseArticleListItem14" inherits="KnowledgeBaseArticleListItemTemplate">
						<Anchors>
							<Anchor point="TOPLEFT" relativeTo="KnowledgeBaseArticleListItem13" relativePoint="BOTTOMLEFT">
							</Anchor>
						</Anchors>						
					</Button>
					<Button name="KnowledgeBaseArticleListItem15" inherits="KnowledgeBaseArticleListItemTemplate">
						<Anchors>
							<Anchor point="TOPLEFT" relativeTo="KnowledgeBaseArticleListItem14" relativePoint="BOTTOMLEFT">
							</Anchor>
						</Anchors>						
					</Button>
					<Button name="KnowledgeBaseArticleListItem16" inherits="KnowledgeBaseArticleListItemTemplate">
						<Anchors>
							<Anchor point="TOPLEFT" relativeTo="KnowledgeBaseArticleListItem15" relativePoint="BOTTOMLEFT">
							</Anchor>
						</Anchors>						
					</Button>
					<Button name="KnowledgeBaseArticleListItem17" inherits="KnowledgeBaseArticleListItemTemplate">
						<Anchors>
							<Anchor point="TOPLEFT" relativeTo="KnowledgeBaseArticleListItem16" relativePoint="BOTTOMLEFT">
							</Anchor>
						</Anchors>						
					</Button>
					<Button name="KnowledgeBaseArticleListItem18" inherits="KnowledgeBaseArticleListItemTemplate">
						<Anchors>
							<Anchor point="TOPLEFT" relativeTo="KnowledgeBaseArticleListItem17" relativePoint="BOTTOMLEFT">
							</Anchor>
						</Anchors>						
					</Button>
					<Button name="KnowledgeBaseArticleListItem19" inherits="KnowledgeBaseArticleListItemTemplate">
						<Anchors>
							<Anchor point="TOPLEFT" relativeTo="KnowledgeBaseArticleListItem18" relativePoint="BOTTOMLEFT">
							</Anchor>
						</Anchors>						
					</Button>
					<Button name="KnowledgeBaseArticleListItem20" inherits="KnowledgeBaseArticleListItemTemplate">
						<Anchors>
							<Anchor point="TOPLEFT" relativeTo="KnowledgeBaseArticleListItem19" relativePoint="BOTTOMLEFT">
							</Anchor>
						</Anchors>						
					</Button>
				</Frames>
			</Frame>

			<ScrollFrame name="KnowledgeBaseArticleScrollFrame" inherits="UIPanelScrollFrameTemplate" hidden="true">
				<Size>
					<AbsDimension x="546" y="334"/>
				</Size>
				<Anchors>
					<Anchor point="TOPLEFT" relativeTo="KnowledgeBaseFrameDivider2" relativePoint="BOTTOMLEFT">
						<Offset>
							<AbsDimension x="7" y="5"/>
						</Offset>
					</Anchor>
				</Anchors>
				<ScrollChild>
					<Frame name="KnowledgeBaseArticleScrollChildFrame">
						<Size>
							<AbsDimension x="546" y="334"/>
						</Size>
						<Anchors>
							<Anchor point="TOPLEFT">
								<Offset>
									<AbsDimension x="0" y="0"/>
								</Offset>
							</Anchor>
						</Anchors>
						<Layers>
							<Layer level="ARTWORK">
								<FontString name="$parentTitle" inherits="GameFontNormalLarge" justifyH="LEFT">
									<Anchors>
										<Anchor point="TOPLEFT">
											<Offset>
												<AbsDimension x="5" y="-5"/>
											</Offset>
										</Anchor>
									</Anchors>
								</FontString>
								<FontString name="$parentText" inherits="GameFontWhite" justifyH="LEFT">
									<Anchors>
										<Anchor point="TOPLEFT" relativeTo="$parentTitle" relativePoint="BOTTOMLEFT">
											<Offset>
												<AbsDimension x="0" y="-12"/>
											</Offset>
										</Anchor>
									</Anchors>
								</FontString>
								<FontString name="$parentArticleId" inherits="GameFontWhite" justifyH="LEFT">
									<Anchors>
										<Anchor point="TOPLEFT" relativeTo="$parentText" relativePoint="BOTTOMLEFT">
											<Offset>
												<AbsDimension x="0" y="-8"/>
											</Offset>
										</Anchor>
									</Anchors>
								</FontString>

							</Layer>
						</Layers>
						<Frames>
							<Button name="$parentBackButton" inherits="GameMenuButtonTemplate" text="BACK">
								<Size>
									<AbsDimension x="85" y="21"/>
								</Size>
								<Anchors>
									<Anchor point="TOPRIGHT">
										<Offset>
											<AbsDimension x="0" y="-5"/>
										</Offset>
									</Anchor>
								</Anchors>
								<Scripts>
									<OnClick>
										PlaySound("igMainMenuOptionCheckBoxOn");
										KnowledgeBaseFrame_ShowSearchFrame();
									</OnClick>
								</Scripts>
							</Button>
						</Frames>
					</Frame>
				</ScrollChild>
			</ScrollFrame>
			<Frame name="KnowledgeBaseErrorFrame" hidden="true">
				<Size>
					<AbsDimension x="546" y="334"/>
				</Size>
				<Anchors>
					<Anchor point="TOPLEFT" relativeTo="KnowledgeBaseFrameDivider2" relativePoint="BOTTOMLEFT">
						<Offset>
							<AbsDimension x="7" y="5"/>
						</Offset>
					</Anchor>
				</Anchors>
				<Layers>
					<Layer level="BACKGROUND">
						<FontString name="KnowledgeBaseErrorFrameText" inherits="ErrorFont" text="ERROR" justifyH="CENTER">			
							<Size>
								<AbsDimension x="300" y="0"/>
							</Size>
						</FontString>
					</Layer>
				</Layers>
			</Frame>

			<Button name="KnowledgeBaseFrameGMTalk" inherits="GameMenuButtonTemplate" text="KBASE_GMTALK">
				<Size x="150" y="20"/>
				<Anchors>
					<Anchor point="BOTTOMLEFT">
						<Offset>
							<AbsDimension x="12" y="21"/>
						</Offset>
					</Anchor>
				</Anchors>
				<Scripts>
					<OnClick>
						HelpFrame_ShowFrame("GMTalk");
					</OnClick>
				</Scripts>
			</Button>
			<Button name="KnowledgeBaseFrameReportIssue" inherits="GameMenuButtonTemplate" text="KBASE_REPORTISSUE">
				<Size x="150" y="20"/>
				<Anchors>
					<Anchor point="LEFT" relativeTo="KnowledgeBaseFrameGMTalk" relativePoint="RIGHT">
						<Offset>
							<AbsDimension x="0" y="0"/>
						</Offset>
					</Anchor>
				</Anchors>
				<Scripts>
					<OnClick>
						HelpFrame_ShowFrame("ReportIssue");
					</OnClick>
				</Scripts>
			</Button>
			<Button name="KnowledgeBaseFrameStuck" inherits="GameMenuButtonTemplate" text="KBASE_CHARSTUCK">
				<Size x="150" y="20"/>
				<Anchors>
					<Anchor point="LEFT" relativeTo="KnowledgeBaseFrameReportIssue" relativePoint="RIGHT">
						<Offset>
							<AbsDimension x="0" y="0"/>
						</Offset>
					</Anchor>
				</Anchors>
				<Scripts>
					<OnClick>
						HelpFrame_ShowFrame("Stuck");
					</OnClick>
				</Scripts>
			</Button>
			<Button name="KnowledgeBaseFrameOpenTicketEdit" inherits="GameMenuButtonTemplate" text="HELP_TICKET_EDIT" hidden="true">
				<Size x="150" y="20"/>
				<Anchors>
					<Anchor point="BOTTOMLEFT">
						<Offset>
							<AbsDimension x="12" y="21"/>
						</Offset>
					</Anchor>
				</Anchors>
				<Scripts>
					<OnClick>
						HelpFrame_ShowFrame("OpenTicket");
					</OnClick>
				</Scripts>
			</Button>
			<Button name="KnowledgeBaseFrameOpenTicketCancel" inherits="GameMenuButtonTemplate" text="HELP_TICKET_ABANDON" hidden="true">
				<Size x="150" y="20"/>
				<Anchors>
					<Anchor point="LEFT" relativeTo="KnowledgeBaseFrameOpenTicketEdit" relativePoint="RIGHT">
						<Offset>
							<AbsDimension x="0" y="0"/>
						</Offset>
					</Anchor>
				</Anchors>
				<Scripts>
					<OnClick>
						HideUIPanel(HelpFrame);
						StaticPopup_Show("HELP_TICKET_ABANDON_CONFIRM");					
					</OnClick>
				</Scripts>
			</Button>
			<Button name="KnowledgeBaseFrameCancel" inherits="HelpFrameCancelButtonTemplate"/>
		</Frames>
		<Scripts>
			<OnLoad>
				KnowledgeBaseFrame_OnLoad(self);
			</OnLoad>
			<OnShow>
				KnowledgeBaseFrame_OnShow();
			</OnShow>
			<OnEvent>
				KnowledgeBaseFrame_OnEvent(self, event, ...);
			</OnEvent>
		</Scripts>
	</Frame>
</Ui>
