<Ui xmlns="http://www.blizzard.com/wow/ui/" xmlns:xsi="http://www.w3.org/2001/XMLSchema-instance" xsi:schemaLocation="http://www.blizzard.com/wow/ui/
..\FrameXML\UI.xsd">
	<Script file="OptionsFrame.lua"/>
	<Include file="OptionsFrameTemplates.xml"/>
	<Frame name="OptionsFrame" toplevel="true" frameStrata="DIALOG" movable="true" enableMouse="true" hidden="true" parent="UIParent">
		<Size x="480" y="600"/>
		<Anchors>
			<Anchor point="CENTER"/>
		</Anchors>
		<Backdrop bgFile="Interface\DialogFrame\UI-DialogBox-Background" edgeFile="Interface\DialogFrame\UI-DialogBox-Border" tile="true">
			<BackgroundInsets>
				<AbsInset left="11" right="12" top="12" bottom="11"/>
			</BackgroundInsets>
			<TileSize>
				<AbsValue val="32"/>
			</TileSize>
			<EdgeSize>
				<AbsValue val="32"/>
			</EdgeSize>
		</Backdrop>
		<Layers>
			<Layer level="ARTWORK">
				<Texture name="OptionsFrameHeader" file="Interface\DialogFrame\UI-DialogBox-Header">
					<Size x="256" y="64"/>
					<Anchors>
						<Anchor point="TOP">
							<Offset x="0" y="12"/>
						</Anchor>
					</Anchors>
				</Texture>
				<FontString inherits="GameFontNormal" text="VIDEOOPTIONS_MENU">
					<Anchors>
						<Anchor point="TOP" relativeTo="OptionsFrameHeader">
							<Offset x="0" y="-14"/>
						</Anchor>
					</Anchors>
				</FontString>
			</Layer>
		</Layers>
		<Frames>
			<Frame name="OptionsFrameDisplay" inherits="OptionFrameBoxTemplate">
				<Size x="425" y="150"/>
				<Anchors>
					<Anchor point="TOPLEFT">
						<Offset x="12" y="-35"/>
					</Anchor>
				</Anchors>
				<Frames>
					<Frame name="OptionsFrameResolutionDropDown" inherits="UIDropDownMenuTemplate" enableMouse="true">
						<Anchors>
							<Anchor point="TOPLEFT">
								<Offset x="-8" y="-20"/>
							</Anchor>
						</Anchors>
						<Layers>
							<Layer level="BACKGROUND">
								<FontString name="$parentLabel" inherits="GameFontNormalSmall" text="RESOLUTION">
									<Anchors>
										<Anchor point="BOTTOMLEFT" relativePoint="TOPLEFT">
											<Offset x="21" y="0"/>
										</Anchor>
									</Anchors>
								</FontString>
							</Layer>
						</Layers>
						<Scripts>
							<OnLoad>
								OptionsFrameResolutionDropDown_OnLoad();
							</OnLoad>
							<OnShow>
								OptionsFrameResolutionDropDown_OnLoad();
							</OnShow>
							<OnEnter>
								GameTooltip:SetOwner(this, "ANCHOR_TOPRIGHT");
								GameTooltip:SetText(OPTION_TOOLTIP_USE_RESOLUTION, nil, nil, nil, nil, 1);
							</OnEnter>
							<OnLeave>
								GameTooltip:Hide();
							</OnLeave>
						</Scripts>
					</Frame>
					<Frame name="OptionsFrameRefreshDropDown" inherits="UIDropDownMenuTemplate" id="2">
						<Anchors>
							<Anchor point="TOPLEFT" relativeTo="OptionsFrameResolutionDropDown" relativePoint="BOTTOMLEFT">
								<Offset x="0" y="-10"/>
							</Anchor>
						</Anchors>
						<Layers>
							<Layer level="BACKGROUND">
								<FontString name="$parentLabel" inherits="GameFontNormalSmall" text="REFRESH_RATE">
									<Anchors>
										<Anchor point="BOTTOMLEFT" relativePoint="TOPLEFT">
											<Offset x="21" y="0"/>
										</Anchor>
									</Anchors>
								</FontString>
							</Layer>
						</Layers>
						<Scripts>
							<OnLoad>
								OptionsFrameRefreshDropDown_OnLoad();
							</OnLoad>
							<OnShow>
								OptionsFrameRefreshDropDown_OnLoad();
							</OnShow>
							<OnEnter>
								GameTooltip:SetOwner(this, "ANCHOR_TOPRIGHT");
								GameTooltip:SetText(OPTION_TOOLTIP_USE_REFRESH, nil, nil, nil, nil, 1);
							</OnEnter>
							<OnLeave>
								GameTooltip:Hide();
							</OnLeave>
						</Scripts>
					</Frame>
					<Frame name="OptionsFrameMultiSampleDropDown" inherits="UIDropDownMenuTemplate" id="4">
						<Anchors>
							<Anchor point="TOPLEFT" relativeTo="OptionsFrameRefreshDropDown" relativePoint="BOTTOMLEFT">
								<Offset x="0" y="-10"/>
							</Anchor>
						</Anchors>
						<Layers>
							<Layer level="BACKGROUND">
								<FontString name="$parentLabel" inherits="GameFontNormalSmall" text="MULTISAMPLE">
									<Anchors>
										<Anchor point="BOTTOMLEFT" relativePoint="TOPLEFT">
											<Offset x="21" y="0"/>
										</Anchor>
									</Anchors>
								</FontString>
							</Layer>
						</Layers>
						<Scripts>
							<OnLoad>
								OptionsFrameMultiSampleDropDown_OnLoad();
							</OnLoad>
							<OnShow>
								OptionsFrameMultiSampleDropDown_OnLoad();
							</OnShow>
							<OnEnter>
								GameTooltip:SetOwner(this, "ANCHOR_TOPRIGHT");
								GameTooltip:SetText(OPTION_TOOLTIP_MULTISAMPLING, nil, nil, nil, nil, 1);
							</OnEnter>
							<OnLeave>
								GameTooltip:Hide();
							</OnLeave>
						</Scripts>
					</Frame>
					<CheckButton name="OptionsFrameCheckButton5" inherits="OptionsCheckButtonTemplate">
						<Anchors>
							<Anchor point="LEFT" relativeTo="OptionsFrameResolutionDropDown" relativePoint="RIGHT">
								<Offset x="45" y="4"/>
							</Anchor>
						</Anchors>
						<Scripts>
							<OnClick>
								if ( this:GetChecked() ) then
									PlaySound("igMainMenuOptionCheckBoxOn");
								else
									PlaySound("igMainMenuOptionCheckBoxOff");
								end
								OptionsFrame_UpdateCheckboxes();
							</OnClick>	
						</Scripts>
					</CheckButton>
					<CheckButton name="OptionsFrameCheckButton13" inherits="OptionsCheckButtonTemplate">
						<Size x="26" y="26"/>
						<Anchors>
							<Anchor point="TOP" relativeTo="OptionsFrameCheckButton5" relativePoint="BOTTOM">
								<Offset x="5" y="4"/>
							</Anchor>
						</Anchors>
					</CheckButton>
					<CheckButton name="OptionsFrameCheckButton14" inherits="OptionsCheckButtonTemplate">
						<Anchors>
							<Anchor point="TOP" relativeTo="OptionsFrameCheckButton13" relativePoint="BOTTOM">
								<Offset x="-5" y="4"/>
							</Anchor>
						</Anchors>
						<Scripts>
							<OnClick>
								if ( this:GetChecked() ) then
									PlaySound("igMainMenuOptionCheckBoxOn");
								else
									PlaySound("igMainMenuOptionCheckBoxOff");
								end
							</OnClick>	
						</Scripts>
					</CheckButton>
					<CheckButton name="OptionsFrameCheckButton10" inherits="OptionsCheckButtonTemplate">
						<Anchors>
							<Anchor point="LEFT" relativeTo="OptionsFrameCheckButton5" relativePoint="RIGHT">
								<Offset x="110" y="0"/>
							</Anchor>
						</Anchors>
						<Scripts>
							<OnClick>
								if ( this:GetChecked() ) then
									PlaySound("igMainMenuOptionCheckBoxOn");
								else
									PlaySound("igMainMenuOptionCheckBoxOff");
								end
								OptionsFrame_UpdateCheckboxes();
								OptionsFrame_UpdateGammaControls();
							</OnClick>	
						</Scripts>
					</CheckButton>
					<CheckButton name="OptionsFrameCheckButton17" inherits="OptionsCheckButtonTemplate">
						<Size x="26" y="26"/>
						<Anchors>
							<Anchor point="TOP" relativeTo="OptionsFrameCheckButton10" relativePoint="BOTTOM">
								<Offset x="5" y="4"/>
							</Anchor>
						</Anchors>
					</CheckButton>
					<CheckButton name="OptionsFrameCheckButton11" inherits="OptionsCheckButtonTemplate">
						<Size x="26" y="26"/>
						<Anchors>
							<Anchor point="TOP" relativeTo="OptionsFrameCheckButton17" relativePoint="BOTTOM">
								<Offset x="0" y="4"/>
							</Anchor>
						</Anchors>
					</CheckButton>
					<CheckButton name="OptionsFrameCheckButton9" inherits="OptionsCheckButtonTemplate">
						<Anchors>
							<Anchor point="TOP" relativeTo="OptionsFrameCheckButton11" relativePoint="BOTTOM">
								<Offset x="-5" y="4"/>
							</Anchor>
						</Anchors>
						<Scripts>
							<OnClick>
								if ( this:GetChecked() ) then
									PlaySound("igMainMenuOptionCheckBoxOn");
								else
									PlaySound("igMainMenuOptionCheckBoxOff");
								end
								OptionsFrame_UpdateUIScaleControls();
							</OnClick>	
						</Scripts>
					</CheckButton>
					<Slider name="OptionsFrameSlider1" inherits="OptionsSliderTemplate">
						<Anchors>
							<Anchor point="TOPLEFT" relativeTo="OptionsFrameCheckButton9" relativePoint="BOTTOMLEFT">
								<Offset x="5" y="0"/>
							</Anchor>
						</Anchors>
						<Scripts>
							<OnLoad>
								getglobal(this:GetName().."High"):SetText(1.0);
								getglobal(this:GetName().."Low"):SetText(0.64);
								getglobal(this:GetName().."Text"):Hide();
							</OnLoad>
						</Scripts>
					</Slider>
				</Frames>
				<Scripts>
					<OnLoad>
						this:SetBackdropBorderColor(0.4, 0.4, 0.4);
						this:SetBackdropColor(0.15, 0.15, 0.15);
						getglobal(this:GetName().."Title"):SetText(DISPLAY);
					</OnLoad>
				</Scripts>
			</Frame>
			<Frame name="OptionsFrameBrightness" inherits="OptionFrameBoxTemplate">
				<Size x="425" y="82"/>
				<Anchors>
					<Anchor point="TOPLEFT" relativeTo="OptionsFrameDisplay" relativePoint="BOTTOMLEFT">
						<Offset x="0" y="-15"/>
					</Anchor>
				</Anchors>
				<Layers>
					<Layer level="ARTWORK">
						<Texture file="Interface\OptionsFrame\21stepgrayscale">
							<Size x="256" y="32"/>
							<Anchors>
								<Anchor point="RIGHT">
									<Offset x="-10" y="0"/>
								</Anchor>
							</Anchors>
						</Texture>
					</Layer>
				</Layers>
				<Frames>
					<CheckButton name="OptionsFrameCheckButton1" inherits="OptionsCheckButtonTemplate">
						<Anchors>
							<Anchor point="TOPLEFT">
								<Offset x="10" y="-5"/>
							</Anchor>
						</Anchors>
						<Scripts>
							<OnShow>
								if ( GetCVar("desktopGamma") == "1" ) then
									this:SetChecked(1);
								else
									this:SetChecked(nil);
								end
								OptionsFrame_UpdateGammaControls();
							</OnShow>
							<OnClick>
								if ( this:GetChecked() ) then
									PlaySound("igMainMenuOptionCheckBoxOn");
								else
									PlaySound("igMainMenuOptionCheckBoxOff");
								end
								OptionsFrame_UpdateGammaControls();
							</OnClick>
						</Scripts>
					</CheckButton>
					<Slider name="OptionsFrameSlider2" inherits="OptionsSliderTemplate">
						<Anchors>
							<Anchor point="TOPLEFT" relativeTo="OptionsFrameCheckButton1" relativePoint="BOTTOMLEFT">
								<Offset x="0" y="-10"/>
							</Anchor>
						</Anchors>
						<Scripts>
							<OnValueChanged>
								SetGamma(arg1);
							</OnValueChanged>
						</Scripts>
					</Slider>
				</Frames>
				<Scripts>
					<OnLoad>
						this:SetBackdropBorderColor(0.4, 0.4, 0.4);
						this:SetBackdropColor(0.15, 0.15, 0.15);
						getglobal(this:GetName().."Title"):SetText(OPTIONS_BRIGHTNESS);
					</OnLoad>
				</Scripts>
			</Frame>
			<Frame name="OptionsFrameWorldAppearance" inherits="OptionFrameBoxTemplate">
				<Size x="425" y="140"/>
				<Anchors>
					<Anchor point="TOPLEFT" relativeTo="OptionsFrameBrightness" relativePoint="BOTTOMLEFT">
						<Offset x="0" y="-15"/>
					</Anchor>
				</Anchors>
				<Frames>
	<!-- Column 2 -->
					<Slider name="OptionsFrameSlider3" inherits="OptionsSliderTemplate">
						<Anchors>
							<Anchor point="TOPLEFT">
								<Offset x="17" y="-24"/>
							</Anchor>
						</Anchors>
						<Scripts>
							<OnLoad>
								getglobal(this:GetName().."High"):SetText(FAR);
								getglobal(this:GetName().."Low"):SetText(NEAR);
							</OnLoad>
						</Scripts>
					</Slider>
					<Slider name="OptionsFrameSlider4" inherits="OptionsSliderTemplate">
						<Anchors>
							<Anchor point="TOP" relativeTo="OptionsFrameSlider3" relativePoint="BOTTOM">
								<Offset x="0" y="-23"/>
							</Anchor>
						</Anchors>
					</Slider>
					<Slider name="OptionsFrameSlider5" inherits="OptionsSliderTemplate">
						<Anchors>
							<Anchor point="TOP" relativeTo="OptionsFrameSlider4" relativePoint="BOTTOM">
								<Offset x="0" y="-23"/>
							</Anchor>
						</Anchors>
					</Slider>
	<!-- Column 2 -->
					<Slider name="OptionsFrameSlider6" inherits="OptionsSliderTemplate">
						<Anchors>
							<Anchor point="LEFT" relativeTo="OptionsFrameSlider3" relativePoint="RIGHT">
								<Offset x="25" y="0"/>
							</Anchor>
						</Anchors>
						<Scripts>
							<OnLoad>
								getglobal(this:GetName().."High"):SetText(FAR);
								getglobal(this:GetName().."Low"):SetText(NEAR);
							</OnLoad>
						</Scripts>
					</Slider>
					<Slider name="OptionsFrameSlider7" inherits="OptionsSliderTemplate">
						<Anchors>
							<Anchor point="TOP" relativeTo="OptionsFrameSlider6" relativePoint="BOTTOM">
								<Offset x="0" y="-23"/>
							</Anchor>
						</Anchors>
					</Slider>
					<Slider name="OptionsFrameSlider8" inherits="OptionsSliderTemplate">
						<Anchors>
							<Anchor point="TOP" relativeTo="OptionsFrameSlider7" relativePoint="BOTTOM">
								<Offset x="0" y="-23"/>
							</Anchor>
						</Anchors>
						<Scripts>
							<OnLoad>
								getglobal(this:GetName().."High"):SetText(FAR);
								getglobal(this:GetName().."Low"):SetText(NEAR);
							</OnLoad>
						</Scripts>
					</Slider>
	<!-- Column 3 -->
					<Slider name="OptionsFrameSlider9" inherits="OptionsSliderTemplate">
						<Anchors>
							<Anchor point="LEFT" relativeTo="OptionsFrameSlider6" relativePoint="RIGHT">
								<Offset x="25" y="0"/>
							</Anchor>
						</Anchors>
					</Slider>
					<Slider name="OptionsFrameSlider10" inherits="OptionsSliderTemplate">
						<Anchors>
							<Anchor point="TOP" relativeTo="OptionsFrameSlider9" relativePoint="BOTTOM">
								<Offset x="0" y="-23"/>
							</Anchor>
						</Anchors>
					</Slider>
					<Slider name="OptionsFrameSlider11" inherits="OptionsSliderTemplate">
						<Anchors>
							<Anchor point="TOP" relativeTo="OptionsFrameSlider10" relativePoint="BOTTOM">
								<Offset x="0" y="-23"/>
							</Anchor>
						</Anchors>
					</Slider>
				</Frames>
				<Scripts>
					<OnLoad>
						this:SetBackdropBorderColor(0.4, 0.4, 0.4);
						this:SetBackdropColor(0.15, 0.15, 0.15);
						getglobal(this:GetName().."Title"):SetText(WORLD_APPEARANCE);
					</OnLoad>
				</Scripts>
			</Frame>
			<Frame name="OptionsFramePixelShaders" inherits="OptionFrameBoxTemplate">
				<Size x="236" y="100"/>
				<Anchors>
					<Anchor point="TOPLEFT" relativeTo="OptionsFrameWorldAppearance" relativePoint="BOTTOMLEFT">
						<Offset x="0" y="-15"/>
					</Anchor>
				</Anchors>
				<Frames>
					<CheckButton name="OptionsFrameCheckButton2" inherits="OptionsCheckButtonTemplate">
						<Anchors>
							<Anchor point="TOPLEFT">
								<Offset x="10" y="-5"/>
							</Anchor>
						</Anchors>
					</CheckButton>
					<CheckButton name="OptionsFrameCheckButton3" inherits="OptionsCheckButtonTemplate">
						<Anchors>
							<Anchor point="TOP" relativeTo="OptionsFrameCheckButton2" relativePoint="BOTTOM">
								<Offset x="0" y="2"/>
							</Anchor>
						</Anchors>
					</CheckButton>
					<CheckButton name="OptionsFrameCheckButton12" inherits="OptionsCheckButtonTemplate">
						<Anchors>
							<Anchor point="TOP" relativeTo="OptionsFrameCheckButton3" relativePoint="BOTTOM">
								<Offset x="0" y="2"/>
							</Anchor>
						</Anchors>
					</CheckButton>
				</Frames>
				<Scripts>
					<OnLoad>
						this:SetBackdropBorderColor(0.4, 0.4, 0.4);
						this:SetBackdropColor(0.15, 0.15, 0.15);
						getglobal(this:GetName().."Title"):SetText(PIXEL_SHADERS);
					</OnLoad>
				</Scripts>
			</Frame>
			<Frame name="OptionsFrameMiscellaneous" inherits="OptionFrameBoxTemplate">
				<Size x="235" y="100"/>
				<Anchors>
					<Anchor point="TOPLEFT" relativeTo="OptionsFramePixelShaders" relativePoint="TOPRIGHT">
						<Offset x="0" y="0"/>
					</Anchor>
				</Anchors>
				<Frames>
					<CheckButton name="OptionsFrameCheckButton6" inherits="OptionsCheckButtonTemplate">
						<Anchors>
							<Anchor point="TOPLEFT">
								<Offset x="10" y="-5"/>
							</Anchor>
						</Anchors>
					</CheckButton>
					<CheckButton name="OptionsFrameCheckButton19" inherits="OptionsCheckButtonTemplate">
						<Anchors>
							<Anchor point="TOP" relativeTo="OptionsFrameCheckButton6" relativePoint="BOTTOM">
								<Offset x="0" y="4"/>
							</Anchor>
						</Anchors>
					</CheckButton>
					<CheckButton name="OptionsFrameCheckButton7" inherits="OptionsCheckButtonTemplate">
						<Anchors>
							<Anchor point="TOP" relativeTo="OptionsFrameCheckButton19" relativePoint="BOTTOM">
								<Offset x="0" y="4"/>
							</Anchor>
						</Anchors>
					</CheckButton>
				</Frames>
				<Scripts>
					<OnLoad>
						this:SetBackdropBorderColor(0.4, 0.4, 0.4);
						this:SetBackdropColor(0.15, 0.15, 0.15);
						getglobal(this:GetName().."Title"):SetText(MISCELLANEOUS);
					</OnLoad>
				</Scripts>
			</Frame>
			<Button name="OptionsFrameCancel" inherits="OptionsButtonTemplate" text="CANCEL">
				<Anchors>
					<Anchor point="BOTTOMRIGHT">
						<Offset x="-12" y="16"/>
					</Anchor>
				</Anchors>
				<Scripts>
					<OnClick>
						OptionsFrame_Cancel();
						PlaySound("gsTitleOptionExit");
						HideUIPanel(OptionsFrame);
					</OnClick>
				</Scripts>
			</Button>
			<Button name="OptionsFrameOkay" inherits="OptionsButtonTemplate" text="OKAY">
				<Anchors>
					<Anchor point="RIGHT" relativeTo="OptionsFrameCancel" relativePoint="LEFT">
						<Offset x="0" y="0"/>
					</Anchor>
				</Anchors>
				<Scripts>
					<OnClick>
						PlaySound("gsTitleOptionOK");
						OptionsFrame_Save();
						HideUIPanel(OptionsFrame);
					</OnClick>
				</Scripts>
			</Button>
			<Button name="OptionsFrameDefaults" inherits="UIPanelButtonGrayTemplate" text="DEFAULTS">
				<Size>
					<AbsDimension x="144" y="21"/>
				</Size>
				<Anchors>
					<Anchor point="BOTTOMLEFT" relativeTo="OptionsFrame" relativePoint="BOTTOMLEFT">
						<Offset x="12" y="16"/>
					</Anchor>
				</Anchors>
				<Scripts>
					<OnClick>
						PlaySound("igMainMenuOptionCheckBoxOn");
						OptionsFrame_SetDefaults();
						HideUIPanel(OptionsFrame);
					</OnClick>
				</Scripts>
			</Button>
		</Frames>
		<Scripts>
			<OnLoad>
				OptionsFrame_Init();
			</OnLoad>
			<OnEvent>
				OptionsFrame_OnEvent();
			</OnEvent>
			<OnShow>
				OptionsFrame_Load();
				UpdateMicroButtons();
				Disable_BagButtons();
			</OnShow>
			<OnHide>
				UpdateMicroButtons();
				ShowUIPanel(GameMenuFrame);
			</OnHide>
		</Scripts>
	</Frame>
</Ui>
