<Ui xmlns="http://www.blizzard.com/wow/ui/" xmlns:xsi="http://www.w3.org/2001/XMLSchema-instance" xsi:schemaLocation="http://www.blizzard.com/wow/ui/
..\FrameXML\UI.xsd">
	<Script file="ReputationFrame.lua"/>
	<Button name="ReputationHeaderTemplate" virtual="true">
		<Size>
			<AbsDimension x="302" y="13"/>
		</Size>
		<Scripts>
			<OnClick>
				if (this.isCollapsed) then
					ExpandFactionHeader(this.index);
				else
					CollapseFactionHeader(this.index);
				end
			</OnClick>
		</Scripts>
		<NormalTexture file="Interface\Buttons\UI-MinusButton-UP">
			<Size>
				<AbsDimension x="16" y="16"/>
			</Size>
			<Anchors>
				<Anchor point="LEFT">
					<Offset>
						<AbsDimension x="3" y="0"/>
					</Offset>
				</Anchor>
			</Anchors>
		</NormalTexture>
		<HighlightTexture name="$parentHighlight" file="Interface\Buttons\UI-PlusButton-Hilight" alphaMode="ADD">
			<Size>
				<AbsDimension x="16" y="16"/>
			</Size>
			<Anchors>
				<Anchor point="LEFT">
					<Offset>
						<AbsDimension x="3" y="0"/>
					</Offset>
				</Anchor>
			</Anchors>
		</HighlightTexture>
		<ButtonText name="$parentNormalText">
			<Size>
				<AbsDimension x="275" y="12"/>
			</Size>
			<Anchors>
				<Anchor point="LEFT">
					<Offset>
						<AbsDimension x="20" y="0"/>
					</Offset>
				</Anchor>
			</Anchors> 
		</ButtonText>
		<NormalFont inherits="GameFontNormal" justifyH="LEFT"/>
		<HighlightFont inherits="GameFontHighlight" justifyH="LEFT"/>
		<DisabledFont inherits="GameFontHighlight" justifyH="LEFT"/>
	</Button>
	<StatusBar name="ReputationBarTemplate" virtual="true" drawLayer="BACKGROUND" minValue="0" maxValue="1" defaultValue="1">
		<Size>
			<AbsDimension x="137" y="13"/>
		</Size>
		<HitRectInsets>
			<AbsInset left="-126" right="3" top="-2" bottom="-2"/>
		</HitRectInsets>
		<Layers>
			<Layer level="ARTWORK">
				<Texture name="$parentReputationBarLeft" file="Interface\PaperDollInfoFrame\UI-Character-ReputationBar">
					<Size>
						<AbsDimension x="256" y="22"/>
					</Size>
					<Anchors>
						<Anchor point="TOPLEFT">
							<Offset>
								<AbsDimension x="-126" y="4"/>
							</Offset>
						</Anchor>
					</Anchors>
					<TexCoords left="0" right="1.0" top="0" bottom="0.34375"/>
				</Texture>
				<Texture name="$parentReputationBarRight" file="Interface\PaperDollInfoFrame\UI-Character-ReputationBar">
					<Size>
						<AbsDimension x="16" y="24"/>
					</Size>
					<Anchors>
						<Anchor point="TOPLEFT" relativeTo="$parentReputationBarLeft" relativePoint="TOPRIGHT">
							<Offset>
								<AbsDimension x="0" y="0"/>
							</Offset>
						</Anchor>
					</Anchors>
					<TexCoords left="0" right="0.0625" top="0.34375" bottom="0.71875"/>
				</Texture>
				<FontString name="$parentFactionName" inherits="GameFontHighlightSmall" justifyH="LEFT">
					<Size x="100" y="10"/>
					<Anchors>
						<Anchor point="LEFT">
							<Offset>
								<AbsDimension x="-119" y="0"/>
							</Offset>
						</Anchor>
					</Anchors>
				</FontString>
				<FontString name="$parentFactionStanding" inherits="GameFontHighlightSmall" text="Revered">
					<Anchors>
						<Anchor point="CENTER">
							<Offset>
								<AbsDimension x="0" y="0"/>
							</Offset>
						</Anchor>
					</Anchors>
				</FontString>
			</Layer>
			<Layer level="OVERLAY">
				<Texture name="$parentHighlight1" file="Interface\PaperDollInfoFrame\UI-Character-ReputationBar-Highlight" alphaMode="ADD" hidden="true">
					<Size>
						<AbsDimension x="256" y="28"/>
					</Size>
					<Anchors>
						<Anchor point="TOPLEFT" relativeTo="$parentReputationBarLeft">
							<Offset>
								<AbsDimension x="-2" y="3"/>
							</Offset>
						</Anchor>
					</Anchors>
					<TexCoords left="0" right="1" top="0" bottom="0.4375"/>
				</Texture>
				<Texture name="$parentHighlight2" file="Interface\PaperDollInfoFrame\UI-Character-ReputationBar-Highlight" alphaMode="ADD" hidden="true">
					<Size>
						<AbsDimension x="17" y="28"/>
					</Size>
					<Anchors>
						<Anchor point="LEFT" relativeTo="$parentHighlight1" relativePoint="RIGHT"/>
					</Anchors>
					<TexCoords left="0" right="0.06640625" top="0.4375" bottom="0.875"/>
				</Texture>
				<Texture name="$parentCheck" file="Interface\Buttons\UI-CheckBox-Check" hidden="true">
					<Size>
						<AbsDimension x="16" y="16"/>
					</Size>
					<Anchors>
						<Anchor point="LEFT" relativeTo="$parentFactionName" relativePoint="RIGHT">
							<Offset>
								<AbsDimension x="0" y="0"/>
							</Offset>
						</Anchor>
					</Anchors>
				</Texture>
			</Layer>
		</Layers>
		<Frames>
			<Frame name="$parentAtWarCheck" hidden="true">
				<Size>
					<AbsDimension x="24" y="22"/>
				</Size>
				<Anchors>
					<Anchor point="LEFT" relativeTo="$parentReputationBarRight" relativePoint="RIGHT">
						<Offset>
							<AbsDimension x="-2" y="0"/>
						</Offset>
					</Anchor>
				</Anchors>
				<Layers>
					<Layer level="BACKGROUND">
						<Texture file="Interface\PaperDollInfoFrame\UI-Character-ReputationBar">
							<Size>
								<AbsDimension x="24" y="22"/>
							</Size>
							<Anchors>
								<Anchor point="TOPLEFT">
									<Offset>
										<AbsDimension x="0" y="0"/>
									</Offset>
								</Anchor>
							</Anchors>
							<TexCoords left="0.0625" right="0.15625" top="0.34375" bottom="0.71875"/>
						</Texture>
					</Layer>
				</Layers>
				<Scripts>
					<OnEnter>
						GameTooltip:SetOwner(this, "ANCHOR_RIGHT");
						GameTooltip:SetText(REPUTATION_STATUS_AT_WAR, nil, nil, nil, nil, 1);
					</OnEnter>
					<OnLeave>
						GameTooltip:Hide();
					</OnLeave>
				</Scripts>
			</Frame>
		</Frames>
		<Scripts>
			<OnEnter>
				if (this.tooltip) then
					getglobal(this:GetName().."FactionStanding"):SetText(this.tooltip);
				end
				getglobal(this:GetName().."Highlight1"):Show();
				getglobal(this:GetName().."Highlight2"):Show();
			</OnEnter>
			<OnLeave>
				getglobal(this:GetName().."FactionStanding"):SetText(this.standingText);
				if (GetSelectedFaction() ~= this.id) then
					getglobal(this:GetName().."Highlight1"):Hide();
					getglobal(this:GetName().."Highlight2"):Hide();
				end
			</OnLeave>
			<OnMouseUp>
				ReputationBar_OnClick();
			</OnMouseUp>
		</Scripts>
		<BarTexture file="Interface\PaperDollInfoFrame\UI-Character-Skills-Bar"/>
		<BarColor r=".25" g=".25" b=".75"/>
	</StatusBar>
	<Frame name="ReputationFrame" setAllPoints="true" enableMouse="true" parent="CharacterFrame" hidden="true" id="3">
		<HitRectInsets>
			<AbsInset left="0" right="30" top="0" bottom="75"/>
		</HitRectInsets>
		<Layers>
			<Layer level="BACKGROUND">
				<Texture file="Interface\PaperDollInfoFrame\UI-Character-General-TopLeft">
					<Size>
						<AbsDimension x="256" y="256"/>
					</Size>
					<Anchors>
						<Anchor point="TOPLEFT">
							<Offset>
								<AbsDimension x="2" y="-1"/>
							</Offset>
						</Anchor>
					</Anchors>
				</Texture>
				<Texture file="Interface\PaperDollInfoFrame\UI-Character-General-TopRight">
					<Size>
						<AbsDimension x="128" y="256"/>
					</Size>
					<Anchors>
						<Anchor point="TOPLEFT">
							<Offset>
								<AbsDimension x="258" y="-1"/>
							</Offset>
						</Anchor>
					</Anchors>
				</Texture>
				<Texture file="Interface\PaperDollInfoFrame\UI-Character-General-BottomLeft">
					<Size>
						<AbsDimension x="256" y="256"/>
					</Size>
					<Anchors>
						<Anchor point="TOPLEFT">
							<Offset>
								<AbsDimension x="2" y="-257"/>
							</Offset>
						</Anchor>
					</Anchors>
				</Texture>
				<Texture file="Interface\PaperDollInfoFrame\UI-Character-General-BottomRight">
					<Size>
						<AbsDimension x="128" y="256"/>
					</Size>
					<Anchors>
						<Anchor point="TOPLEFT">
							<Offset>
								<AbsDimension x="258" y="-257"/>
							</Offset>
						</Anchor>
					</Anchors>
				</Texture>
				<FontString name="ReputationFrameFactionLabel" inherits="GameFontHighlight" text="FACTION">
					<Anchors>
						<Anchor point="TOPLEFT">
							<Offset>
								<AbsDimension x="70" y="-57"/>
							</Offset>
						</Anchor>
					</Anchors>
				</FontString>
				<FontString name="ReputationFrameStandingLabel" inherits="GameFontHighlight" text="STANDING">
					<Anchors>
						<Anchor point="TOPLEFT">
							<Offset>
								<AbsDimension x="215" y="-59"/>
							</Offset>
						</Anchor>
					</Anchors>
				</FontString>
			</Layer>
		</Layers>
		<Frames>
			<StatusBar name="ReputationBar1" inherits="ReputationBarTemplate">
				<Anchors>
					<Anchor point="TOPLEFT">
						<Offset>
							<AbsDimension x="150" y="-86"/>
						</Offset>
					</Anchor>
				</Anchors>
			</StatusBar>
			<Button  name="ReputationHeader1" inherits="ReputationHeaderTemplate">
				<Anchors>
					<Anchor point="TOPLEFT" relativeTo="ReputationBar1">
						<Offset>
							<AbsDimension x="-125" y="0"/>
						</Offset>
					</Anchor>
				</Anchors>
			</Button>
			<StatusBar name="ReputationBar2" inherits="ReputationBarTemplate">
				<Anchors>
					<Anchor point="TOPLEFT" relativeTo="ReputationBar1" relativePoint="BOTTOMLEFT">
						<Offset>
							<AbsDimension x="0" y="-10"/>
						</Offset>
					</Anchor>
				</Anchors>
			</StatusBar>
			<Button  name="ReputationHeader2" inherits="ReputationHeaderTemplate">
				<Anchors>
					<Anchor point="TOPLEFT" relativeTo="ReputationBar2">
						<Offset>
							<AbsDimension x="-125" y="0"/>
						</Offset>
					</Anchor>
				</Anchors>
			</Button>
			<StatusBar name="ReputationBar3" inherits="ReputationBarTemplate">
				<Anchors>
					<Anchor point="TOPLEFT" relativeTo="ReputationBar2" relativePoint="BOTTOMLEFT">
						<Offset>
							<AbsDimension x="0" y="-10"/>
						</Offset>
					</Anchor>
				</Anchors>
			</StatusBar>
			<Button  name="ReputationHeader3" inherits="ReputationHeaderTemplate">
				<Anchors>
					<Anchor point="TOPLEFT" relativeTo="ReputationBar3">
						<Offset>
							<AbsDimension x="-125" y="0"/>
						</Offset>
					</Anchor>
				</Anchors>
			</Button>
			<StatusBar name="ReputationBar4" inherits="ReputationBarTemplate">
				<Anchors>
					<Anchor point="TOPLEFT" relativeTo="ReputationBar3" relativePoint="BOTTOMLEFT">
						<Offset>
							<AbsDimension x="0" y="-10"/>
						</Offset>
					</Anchor>
				</Anchors>
			</StatusBar>
			<Button  name="ReputationHeader4" inherits="ReputationHeaderTemplate">
				<Anchors>
					<Anchor point="TOPLEFT" relativeTo="ReputationBar4">
						<Offset>
							<AbsDimension x="-125" y="0"/>
						</Offset>
					</Anchor>
				</Anchors>
			</Button>
			<StatusBar name="ReputationBar5" inherits="ReputationBarTemplate">
				<Anchors>
					<Anchor point="TOPLEFT" relativeTo="ReputationBar4" relativePoint="BOTTOMLEFT">
						<Offset>
							<AbsDimension x="0" y="-10"/>
						</Offset>
					</Anchor>
				</Anchors>
			</StatusBar>
			<Button  name="ReputationHeader5" inherits="ReputationHeaderTemplate">
				<Anchors>
					<Anchor point="TOPLEFT" relativeTo="ReputationBar5">
						<Offset>
							<AbsDimension x="-125" y="0"/>
						</Offset>
					</Anchor>
				</Anchors>
			</Button>
			<StatusBar name="ReputationBar6" inherits="ReputationBarTemplate">
				<Anchors>
					<Anchor point="TOPLEFT" relativeTo="ReputationBar5" relativePoint="BOTTOMLEFT">
						<Offset>
							<AbsDimension x="0" y="-10"/>
						</Offset>
					</Anchor>
				</Anchors>
			</StatusBar>
			<Button  name="ReputationHeader6" inherits="ReputationHeaderTemplate">
				<Anchors>
					<Anchor point="TOPLEFT" relativeTo="ReputationBar6">
						<Offset>
							<AbsDimension x="-125" y="0"/>
						</Offset>
					</Anchor>
				</Anchors>
			</Button>
			<StatusBar name="ReputationBar7" inherits="ReputationBarTemplate">
				<Anchors>
					<Anchor point="TOPLEFT" relativeTo="ReputationBar6" relativePoint="BOTTOMLEFT">
						<Offset>
							<AbsDimension x="0" y="-10"/>
						</Offset>
					</Anchor>
				</Anchors>
			</StatusBar>
			<Button  name="ReputationHeader7" inherits="ReputationHeaderTemplate">
				<Anchors>
					<Anchor point="TOPLEFT" relativeTo="ReputationBar7">
						<Offset>
							<AbsDimension x="-125" y="0"/>
						</Offset>
					</Anchor>
				</Anchors>
			</Button>
			<StatusBar name="ReputationBar8" inherits="ReputationBarTemplate">
				<Anchors>
					<Anchor point="TOPLEFT" relativeTo="ReputationBar7" relativePoint="BOTTOMLEFT">
						<Offset>
							<AbsDimension x="0" y="-10"/>
						</Offset>
					</Anchor>
				</Anchors>
			</StatusBar>
			<Button  name="ReputationHeader8" inherits="ReputationHeaderTemplate">
				<Anchors>
					<Anchor point="TOPLEFT" relativeTo="ReputationBar8">
						<Offset>
							<AbsDimension x="-125" y="0"/>
						</Offset>
					</Anchor>
				</Anchors>
			</Button>
			<StatusBar name="ReputationBar9" inherits="ReputationBarTemplate">
				<Anchors>
					<Anchor point="TOPLEFT" relativeTo="ReputationBar8" relativePoint="BOTTOMLEFT">
						<Offset>
							<AbsDimension x="0" y="-10"/>
						</Offset>
					</Anchor>
				</Anchors>
			</StatusBar>
			<Button  name="ReputationHeader9" inherits="ReputationHeaderTemplate">
				<Anchors>
					<Anchor point="TOPLEFT" relativeTo="ReputationBar9">
						<Offset>
							<AbsDimension x="-125" y="0"/>
						</Offset>
					</Anchor>
				</Anchors>
			</Button>
			<StatusBar name="ReputationBar10" inherits="ReputationBarTemplate">
				<Anchors>
					<Anchor point="TOPLEFT" relativeTo="ReputationBar9" relativePoint="BOTTOMLEFT">
						<Offset>
							<AbsDimension x="0" y="-10"/>
						</Offset>
					</Anchor>
				</Anchors>
			</StatusBar>
			<Button  name="ReputationHeader10" inherits="ReputationHeaderTemplate">
				<Anchors>
					<Anchor point="TOPLEFT" relativeTo="ReputationBar10">
						<Offset>
							<AbsDimension x="-125" y="0"/>
						</Offset>
					</Anchor>
				</Anchors>
			</Button>
			<StatusBar name="ReputationBar11" inherits="ReputationBarTemplate">
				<Anchors>
					<Anchor point="TOPLEFT" relativeTo="ReputationBar10" relativePoint="BOTTOMLEFT">
						<Offset>
							<AbsDimension x="0" y="-10"/>
						</Offset>
					</Anchor>
				</Anchors>
			</StatusBar>
			<Button  name="ReputationHeader11" inherits="ReputationHeaderTemplate">
				<Anchors>
					<Anchor point="TOPLEFT" relativeTo="ReputationBar11">
						<Offset>
							<AbsDimension x="-125" y="0"/>
						</Offset>
					</Anchor>
				</Anchors>
			</Button>
			<StatusBar name="ReputationBar12" inherits="ReputationBarTemplate">
				<Anchors>
					<Anchor point="TOPLEFT" relativeTo="ReputationBar11" relativePoint="BOTTOMLEFT">
						<Offset>
							<AbsDimension x="0" y="-10"/>
						</Offset>
					</Anchor>
				</Anchors>
			</StatusBar>
			<Button  name="ReputationHeader12" inherits="ReputationHeaderTemplate">
				<Anchors>
					<Anchor point="TOPLEFT" relativeTo="ReputationBar12">
						<Offset>
							<AbsDimension x="-125" y="0"/>
						</Offset>
					</Anchor>
				</Anchors>
			</Button>
			<StatusBar name="ReputationBar13" inherits="ReputationBarTemplate">
				<Anchors>
					<Anchor point="TOPLEFT" relativeTo="ReputationBar12" relativePoint="BOTTOMLEFT">
						<Offset>
							<AbsDimension x="0" y="-10"/>
						</Offset>
					</Anchor>
				</Anchors>
			</StatusBar>
			<Button  name="ReputationHeader13" inherits="ReputationHeaderTemplate">
				<Anchors>
					<Anchor point="TOPLEFT" relativeTo="ReputationBar13">
						<Offset>
							<AbsDimension x="-125" y="0"/>
						</Offset>
					</Anchor>
				</Anchors>
			</Button>
			<StatusBar name="ReputationBar14" inherits="ReputationBarTemplate">
				<Anchors>
					<Anchor point="TOPLEFT" relativeTo="ReputationBar13" relativePoint="BOTTOMLEFT">
						<Offset>
							<AbsDimension x="0" y="-10"/>
						</Offset>
					</Anchor>
				</Anchors>
			</StatusBar>
			<Button  name="ReputationHeader14" inherits="ReputationHeaderTemplate">
				<Anchors>
					<Anchor point="TOPLEFT" relativeTo="ReputationBar14">
						<Offset>
							<AbsDimension x="-125" y="0"/>
						</Offset>
					</Anchor>
				</Anchors>
			</Button>
			<StatusBar name="ReputationBar15" inherits="ReputationBarTemplate">
				<Anchors>
					<Anchor point="TOPLEFT" relativeTo="ReputationBar14" relativePoint="BOTTOMLEFT">
						<Offset>
							<AbsDimension x="0" y="-10"/>
						</Offset>
					</Anchor>
				</Anchors>
			</StatusBar>
			<Button  name="ReputationHeader15" inherits="ReputationHeaderTemplate">
				<Anchors>
					<Anchor point="TOPLEFT" relativeTo="ReputationBar15">
						<Offset>
							<AbsDimension x="-125" y="0"/>
						</Offset>
					</Anchor>
				</Anchors>
			</Button>
			<ScrollFrame name="ReputationListScrollFrame" inherits="FauxScrollFrameTemplate">
				<Size>
					<AbsDimension x="296" y="354"/>
				</Size>
				<Anchors>
					<Anchor point="TOPRIGHT">
						<Offset>
							<AbsDimension x="-66" y="-76"/>
						</Offset>
					</Anchor>
				</Anchors>
				<Scripts>
					<OnVerticalScroll>
						FauxScrollFrame_OnVerticalScroll(REPUTATIONFRAME_FACTIONHEIGHT, ReputationFrame_Update);
					</OnVerticalScroll>
				</Scripts>
				<Layers>
					<Layer level="BACKGROUND">
						<Texture file="Interface\PaperDollInfoFrame\UI-Character-ScrollBar">
							<Size>
								<AbsDimension x="31" y="256"/>
							</Size>
							<Anchors>
								<Anchor point="TOPLEFT" relativePoint="TOPRIGHT">
									<Offset>
										<AbsDimension x="-2" y="5"/>
									</Offset>
								</Anchor>
							</Anchors>
							<TexCoords left="0" right="0.484375" top="0" bottom="1.0"/>
						</Texture>
						<Texture file="Interface\PaperDollInfoFrame\UI-Character-ScrollBar">
							<Size>
								<AbsDimension x="31" y="108"/>
							</Size>
							<Anchors>
								<Anchor point="BOTTOMLEFT" relativePoint="BOTTOMRIGHT">
									<Offset>
										<AbsDimension x="-2" y="-4"/>
									</Offset>
								</Anchor>
							</Anchors>
							<TexCoords left="0.515625" right="1.0" top="0" bottom="0.421875"/>
						</Texture>
					</Layer>
				</Layers>
			</ScrollFrame>
			<Frame name="FactionMouseOver">
				<Anchors>
					<Anchor point="TOPLEFT" relativeTo="ReputationFrameFactionLabel"/>
					<Anchor point="BOTTOMRIGHT" relativeTo="ReputationFrameFactionLabel"/>
				</Anchors>
				<Scripts>
					<OnEnter>
						GameTooltip_AddNewbieTip(FACTION, 1.0, 1.0, 1.0, REPUTATION_FACTION_DESCRIPTION, 1);
					</OnEnter>
					<OnLeave>
						GameTooltip:Hide();
					</OnLeave>		
				</Scripts>
			</Frame>
			<Frame name="StandingMouseOver">
				<Anchors>
					<Anchor point="TOPLEFT" relativeTo="ReputationFrameStandingLabel"/>
					<Anchor point="BOTTOMRIGHT" relativeTo="ReputationFrameStandingLabel"/>
				</Anchors>
				<Scripts>
					<OnEnter>
						GameTooltip_AddNewbieTip(STANDING, 1.0, 1.0, 1.0, REPUTATION_STANDING_DESCRIPTION, 1);
					</OnEnter>
					<OnLeave>
						GameTooltip:Hide();
					</OnLeave>
				</Scripts>
			</Frame>
			<Frame name="ReputationDetailFrame" enableMouse="true" hidden="true">
				<Size>
					<AbsDimension x="212" y="203"/>
				</Size>
				<Anchors>
					<Anchor point="TOPLEFT" relativeTo="ReputationFrame" relativePoint="TOPRIGHT">
						<Offset>
							<AbsDimension x="-33" y="-28"/>
						</Offset>
					</Anchor>
				</Anchors>
				<Backdrop bgFile="Interface\DialogFrame\UI-DialogBox-Background" edgeFile="Interface\DialogFrame\UI-DialogBox-Border" tile="true">
					<BackgroundInsets>
						<AbsInset left="11" right="12" top="12" bottom="11"/>
					</BackgroundInsets>
					<TileSize>
						<AbsValue val="32"/>
					</TileSize>
					<EdgeSize>
						<AbsValue val="32"/>
					</EdgeSize>
				</Backdrop>
				<Layers>
					<Layer level="ARTWORK">
						<FontString name="ReputationDetailFactionName" inherits="GameFontNormal" justifyH="LEFT">
							<Size>
								<AbsDimension x="160" y="0"/>
							</Size>
							<Anchors>
								<Anchor point="TOPLEFT">
									<Offset>
										<AbsDimension x="20" y="-21"/>
									</Offset>
								</Anchor>
							</Anchors>
						</FontString>
						<FontString name="ReputationDetailFactionDescription" inherits="GameFontHighlightSmall" justifyH="LEFT">
							<Size>
								<AbsDimension x="170" y="0"/>
							</Size>
							<Anchors>
								<Anchor point="TOPLEFT" relativeTo="ReputationDetailFactionName" relativePoint="BOTTOMLEFT">
									<Offset>
										<AbsDimension x="0" y="-2"/>
									</Offset>
								</Anchor>
							</Anchors>
						</FontString>
						<Texture file="Interface\PaperDollInfoFrame\UI-Character-Reputation-DetailBackground">
							<Size>
								<AbsDimension x="256" y="128"/>
							</Size>
							<Anchors>
								<Anchor point="TOPLEFT">
									<Offset>
										<AbsDimension x="11" y="-11"/>
									</Offset>
								</Anchor>
							</Anchors>
						</Texture>
					</Layer>
					<Layer level="OVERLAY">
						<Texture name="ReputationDetailCorner" file="Interface\DialogFrame\UI-DialogBox-Corner">
							<Size>
								<AbsDimension x="32" y="32"/>
							</Size>
							<Anchors>
								<Anchor point="TOPRIGHT">
									<Offset>
										<AbsDimension x="-6" y="-7"/>
									</Offset>
								</Anchor>
							</Anchors>
						</Texture>
						<Texture name="ReputationDetailDivider" file="Interface\DialogFrame\UI-DialogBox-Divider">
							<Size>
								<AbsDimension x="256" y="32"/>
							</Size>
							<Anchors>
								<Anchor point="TOPLEFT">
									<Offset>
										<AbsDimension x="9" y="-131"/>
									</Offset>
								</Anchor>
							</Anchors>
						</Texture>
					</Layer>
				</Layers>
				<Frames>
					<Button name="ReputationDetailCloseButton" inherits="UIPanelCloseButton">
						<Anchors>
							<Anchor point="TOPRIGHT">
								<Offset>
									<AbsDimension x="-3" y="-3"/>
								</Offset>
							</Anchor>
						</Anchors>
					</Button>
					<CheckButton name="ReputationDetailAtWarCheckBox">
						<Size>
							<AbsDimension x="26" y="26"/>
						</Size>
						<Anchors>
							<Anchor point="BOTTOMLEFT">
								<Offset>
									<AbsDimension x="14" y="34"/>
								</Offset>
							</Anchor>
						</Anchors>
						<Layers>
							<Layer level="ARTWORK">
								<FontString name="$parentText" inherits="GameFontNormalSmall">
									<Anchors>
										<Anchor point="LEFT" relativePoint="RIGHT">
											<Offset>
												<AbsDimension x="-2" y="0"/>
											</Offset>
										</Anchor>
									</Anchors>
								</FontString>
							</Layer>
						</Layers>
						<Scripts>
							<OnLoad>
								getglobal(this:GetName().."Text"):SetText(AT_WAR);
								getglobal(this:GetName().."Text"):SetVertexColor(RED_FONT_COLOR.r, RED_FONT_COLOR.g, RED_FONT_COLOR.b);
							</OnLoad>
							<OnClick>
								FactionToggleAtWar(GetSelectedFaction());
								if ( this:GetChecked() ) then
									PlaySound("igMainMenuOptionCheckBoxOn");
								else
									PlaySound("igMainMenuOptionCheckBoxOff");
								end
								ReputationFrame_Update();
							</OnClick>
							<OnEnter>
								GameTooltip:SetOwner(this, "ANCHOR_RIGHT");
								GameTooltip:SetText(REPUTATION_AT_WAR_DESCRIPTION, nil, nil, nil, nil, 1);
							</OnEnter>
							<OnLeave>
								GameTooltip:Hide();
							</OnLeave>
						</Scripts>
						<NormalTexture file="Interface\Buttons\UI-CheckBox-Up"/>
						<PushedTexture file="Interface\Buttons\UI-CheckBox-Down"/>
						<HighlightTexture file="Interface\Buttons\UI-CheckBox-Highlight" alphaMode="ADD"/>
						<CheckedTexture file="Interface\Buttons\UI-CheckBox-SwordCheck">
							<Size>
								<AbsDimension x="32" y="32"/>
							</Size>
							<Anchors>
								<Anchor point="TOPLEFT">
									<Offset>
										<AbsDimension x="3" y="-5"/>
									</Offset>
								</Anchor>
							</Anchors>
						</CheckedTexture>
						<DisabledCheckedTexture file="Interface\Buttons\UI-CheckBox-Check-Disabled"/>
					</CheckButton>
					<CheckButton name="ReputationDetailInactiveCheckBox" inherits="OptionsCheckButtonTemplate">
						<Size>
							<AbsDimension x="26" y="26"/>
						</Size>
						<Anchors>
							<Anchor point="LEFT" relativeTo="ReputationDetailAtWarCheckBoxText" relativePoint="RIGHT">
								<Offset>
									<AbsDimension x="3" y="0"/>
								</Offset>
							</Anchor>
						</Anchors>
						<HitRectInsets>
							<AbsInset left="0" right="0" top="0" bottom="0"/>
						</HitRectInsets>
						<Scripts>
							<OnLoad>
								getglobal(this:GetName().."Text"):SetText(MOVE_TO_INACTIVE);
							</OnLoad>
							<OnClick>
								if ( this:GetChecked() ) then
									PlaySound("igMainMenuOptionCheckBoxOn");
									SetFactionInactive(GetSelectedFaction());
								else
									PlaySound("igMainMenuOptionCheckBoxOff");
									SetFactionActive(GetSelectedFaction());
								end
							</OnClick>
							<OnEnter>
								GameTooltip:SetOwner(this, "ANCHOR_RIGHT");
								GameTooltip:SetText(REPUTATION_MOVE_TO_INACTIVE, nil, nil, nil, nil, 1);
							</OnEnter>
							<OnLeave>
								GameTooltip:Hide();
							</OnLeave>
						</Scripts>
					</CheckButton>
					<CheckButton name="ReputationDetailMainScreenCheckBox" inherits="OptionsCheckButtonTemplate">
						<Size>
							<AbsDimension x="26" y="26"/>
						</Size>
						<Anchors>
							<Anchor point="TOPLEFT" relativeTo="ReputationDetailAtWarCheckBox" relativePoint="BOTTOMLEFT">
								<Offset>
									<AbsDimension x="0" y="3"/>
								</Offset>
							</Anchor>
						</Anchors>
						<HitRectInsets>
							<AbsInset left="0" right="0" top="0" bottom="0"/>
						</HitRectInsets>
						<Scripts>
							<OnLoad>
								getglobal(this:GetName().."Text"):SetText(SHOW_FACTION_ON_MAINSCREEN);
							</OnLoad>
							<OnClick>
								if ( this:GetChecked() ) then
									PlaySound("igMainMenuOptionCheckBoxOn");
									SetWatchedFactionIndex(GetSelectedFaction());
								else
									PlaySound("igMainMenuOptionCheckBoxOff");
									SetWatchedFactionIndex(0);
								end
								ReputationWatchBar_Update();
							</OnClick>
							<OnEnter>
								GameTooltip:SetOwner(this, "ANCHOR_RIGHT");
								GameTooltip:SetText(REPUTATION_SHOW_AS_XP, nil, nil, nil, nil, 1);
							</OnEnter>
							<OnLeave>
								GameTooltip:Hide();
							</OnLeave>
						</Scripts>
					</CheckButton>
				</Frames>
			</Frame>
		</Frames>
		<Scripts>
			<OnLoad>
				ReputationFrame_OnLoad();
			</OnLoad>
			<OnShow>
				ReputationFrame_OnShow();
			</OnShow>
			<OnEvent>
				ReputationFrame_OnEvent(event);
			</OnEvent>
			<OnMouseWheel>
				return;
			</OnMouseWheel>
		</Scripts>
	</Frame>
	<Frame name="ReputationWatchBar" enableMouse="true" parent="MainMenuBar" hidden="true">
		<Size>
			<AbsDimension x="1024" y="11"/>
		</Size>
		<Anchors>
			<Anchor point="BOTTOM" relativeTo="MainMenuBar" relativePoint="TOP">
				<Offset>
					<AbsDimension x="0" y="-3"/>
				</Offset>
			</Anchor>
		</Anchors>
		<Frames>
			<StatusBar name="ReputationWatchStatusBar" drawLayer="ARTWORK">
				<Size>
					<AbsDimension x="1024" y="8"/>
				</Size>
				<Anchors>
					<Anchor point="TOP"/>
				</Anchors>
				<Layers>
					<Layer level="OVERLAY">
						<Texture name="ReputationWatchBarTexture0" file="Interface\PaperDollInfoFrame\UI-ReputationWatchBar">
							<Size>
								<AbsDimension x="256" y="11"/>
							</Size>
							<Anchors>
								<Anchor point="TOPLEFT">
									<Offset>
										<AbsDimension x="0" y="2"/>
									</Offset>
								</Anchor>
							</Anchors>
							<TexCoords left="0" right="1.0" top="0" bottom="0.171875"/>
						</Texture>
						<Texture name="ReputationWatchBarTexture1" file="Interface\PaperDollInfoFrame\UI-ReputationWatchBar">
							<Size>
								<AbsDimension x="256" y="11"/>
							</Size>
							<Anchors>
								<Anchor point="LEFT" relativeTo="ReputationWatchBarTexture0" relativePoint="RIGHT"/>
							</Anchors>
							<TexCoords left="0" right="1.0" top="0.171875" bottom="0.34375"/>
						</Texture>
						<Texture name="ReputationWatchBarTexture2" file="Interface\PaperDollInfoFrame\UI-ReputationWatchBar">
							<Size>
								<AbsDimension x="256" y="11"/>
							</Size>
							<Anchors>
								<Anchor point="LEFT" relativeTo="ReputationWatchBarTexture1" relativePoint="RIGHT"/>
							</Anchors>
							<TexCoords left="0" right="1.0" top="0.34375" bottom="0.515625"/>
						</Texture>
						<Texture name="ReputationWatchBarTexture3" file="Interface\PaperDollInfoFrame\UI-ReputationWatchBar">
							<Size>
								<AbsDimension x="256" y="11"/>
							</Size>
							<Anchors>
								<Anchor point="LEFT" relativeTo="ReputationWatchBarTexture2" relativePoint="RIGHT"/>
							</Anchors>
							<TexCoords left="0" right="1.0" top="0.515625" bottom="0.6875"/>
						</Texture>
						<Texture name="ReputationXPBarTexture0" file="Interface\MainMenuBar\UI-MainMenuBar-Dwarf">
							<Size>
								<AbsDimension x="256" y="10"/>
							</Size>
							<Anchors>
								<Anchor point="TOPLEFT">
									<Offset>
										<AbsDimension x="0" y="0"/>
									</Offset>
								</Anchor>
							</Anchors>
							<TexCoords left="0" right="1.0" top="0.79296875" bottom="0.83203125"/>
						</Texture>
						<Texture name="ReputationXPBarTexture1" file="Interface\MainMenuBar\UI-MainMenuBar-Dwarf">
							<Size>
								<AbsDimension x="256" y="10"/>
							</Size>
							<Anchors>
								<Anchor point="LEFT" relativeTo="ReputationXPBarTexture0" relativePoint="RIGHT"/>
							</Anchors>
							<TexCoords left="0" right="1.0" top="0.54296875" bottom="0.58203125"/>
						</Texture>
						<Texture name="ReputationXPBarTexture2" file="Interface\MainMenuBar\UI-MainMenuBar-Dwarf">
							<Size>
								<AbsDimension x="256" y="10"/>
							</Size>
							<Anchors>
								<Anchor point="LEFT" relativeTo="ReputationXPBarTexture1" relativePoint="RIGHT"/>
							</Anchors>
							<TexCoords left="0" right="1.0" top="0.29296875" bottom="0.33203125"/>
						</Texture>
						<Texture name="ReputationXPBarTexture3" file="Interface\MainMenuBar\UI-MainMenuBar-Dwarf">
							<Size>
								<AbsDimension x="256" y="10"/>
							</Size>
							<Anchors>
								<Anchor point="LEFT" relativeTo="ReputationXPBarTexture2" relativePoint="RIGHT"/>
							</Anchors>
							<TexCoords left="0" right="1.0" top="0.04296875" bottom="0.08203125"/>
						</Texture>
					</Layer>
					<Layer level="BACKGROUND">
						<Texture name="ReputationWatchStatusBarBackground">
							<Color r="0.0" g="0.0" b="0.0" a="0.5"/>
						</Texture>
					</Layer>
				</Layers>
				<BarTexture file="Interface\TargetingFrame\UI-StatusBar"/>
				<BarColor r="0.58" g="0.0" b="0.55"/>
			</StatusBar>
			<Frame name="ReputationWatchBarOverlayFrame" frameStrata="DIALOG" setAllPoints="true">
				<Layers>
					<Layer level="ARTWORK">
						<FontString name="ReputationWatchStatusBarText" inherits="NumberFontNormal" hidden="true">
							<Anchors>
								<Anchor point="CENTER">
									<Offset>
										<AbsDimension x="0" y="3"/>
									</Offset>
								</Anchor>
							</Anchors>
						</FontString>
					</Layer>
				</Layers>
			</Frame>
		</Frames>
		<Scripts>
			<OnLoad>
				this:RegisterEvent("UPDATE_FACTION");
				this:RegisterEvent("PLAYER_LEVEL_UP");
				this:RegisterEvent("CVAR_UPDATE");
			</OnLoad>
			<OnEvent>
				if( event == "UPDATE_FACTION" ) then
					if ( this:IsShown() ) then
					    ReputationFrame_Update();
					end
					ReputationWatchBar_Update();
				elseif( event == "PLAYER_LEVEL_UP" ) then
					ReputationWatchBar_Update(arg1);
				elseif( event == "CVAR_UPDATE" and arg1 == "XP_BAR_TEXT" ) then
					if( arg2 == "1" ) then
						ShowWatchedReputationBarText("lock");
					else
						HideWatchedReputationBarText("unlock");
					end
				end
			</OnEvent>
			<OnShow>
				if ( GetCVar("xpBarText") == "1" ) then
					ShowWatchedReputationBarText("lock");
				end
				UIParent_ManageFramePositions();
			</OnShow>
			<OnHide>
				UIParent_ManageFramePositions();
			</OnHide>
			<OnEnter>
				ReputationWatchStatusBarText:Show();
			</OnEnter>
			<OnLeave>
				if(not ReputationWatchBar.textLocked) then
					ReputationWatchStatusBarText:Hide();
				end
			</OnLeave>
		</Scripts>
	</Frame>
</Ui>
