<Ui xmlns="http://www.blizzard.com/wow/ui/" xmlns:xsi="http://www.w3.org/2001/XMLSchema-instance" xsi:schemaLocation="http://www.blizzard.com/wow/ui/
..\FrameXML\UI.xsd">
	<Script file="SoundOptionsFrame.lua"/>
	<CheckButton name="SoundOptionsCheckButtonTemplate" inherits="OptionsCheckButtonTemplate" virtual="true">
		<Scripts>
			<OnClick>
				SoundOptionsCheckButton_OnClick();
			</OnClick>
		</Scripts>
	</CheckButton>
	<Slider name="SoundOptionsSliderTemplate" inherits="AudioOptionsSliderTemplate" virtual="true">
		<Scripts>
			<OnValueChanged>
				SoundOptionsSlider_OnValueChanged();
			</OnValueChanged>
		</Scripts>
	</Slider>
	<Slider name="SoundOptionsLowHighSliderTemplate" inherits="OptionsSliderTemplate" virtual="true">
		<Scripts>
			<OnValueChanged>
				SoundOptionsSlider_OnValueChanged();
			</OnValueChanged>
		</Scripts>
	</Slider>
	<Slider name="SoundOptionsVolumeSliderTemplate" inherits="AudioOptionsVolumeSliderTemplate" virtual="true">
		<Scripts>
			<OnValueChanged>
				SoundOptionsSlider_OnValueChanged();
			</OnValueChanged> 
		</Scripts>
	</Slider>
	<Frame name="SoundOptionsFrame" enableMouse="true" parent="AudioOptionsFrame" hidden="true" id="1">
		<Size>
			<AbsDimension x="400" y="395"/>
		</Size>
		<Anchors>
			<Anchor point="CENTER"/>
		</Anchors>
		<Layers>
			<Layer level="BACKGROUND">
				<FontString inherits="GameFontNormal" text="SOUND_OPTIONS">
					<Anchors>
						<Anchor point="TOP" relativeTo="AudioOptionsFrameHeader">
							<Offset>
								<AbsDimension x="0" y="-14"/>
							</Offset>
						</Anchor>
					</Anchors>
				</FontString>
			</Layer>
		</Layers>
		<Frames>
			<CheckButton name="SoundOptionsFrameCheckButton1" inherits="SoundOptionsCheckButtonTemplate" id="1">
				<Anchors>
					<Anchor point="TOP" relativeTo="AudioOptionsFrameHeader" relativePoint="BOTTOM">
						<Offset>
							<AbsDimension x="-45" y="30"/>
						</Offset>
					</Anchor>
				</Anchors>
			</CheckButton>

			<Frame name="$parentPlayback" inherits="OptionFrameBoxTemplate">
				<Size>
					<AbsDimension x="180" y="290"/>
				</Size>
				<Anchors>
					<Anchor point="TOPLEFT">
						<Offset>
							<AbsDimension x="20" y="-60"/>
						</Offset>
					</Anchor>
				</Anchors>
				<Scripts>
					<OnLoad>
						this:SetBackdropBorderColor(0.4, 0.4, 0.4);
						this:SetBackdropColor(0.15, 0.15, 0.15, 0.5);
						getglobal(this:GetName().."Title"):SetText(PLAYBACK);
					</OnLoad>
				</Scripts>
				<Frames>
					<CheckButton name="SoundOptionsFrameCheckButton2" inherits="SoundOptionsCheckButtonTemplate" id="2">
						<Anchors>
							<Anchor point="TOPLEFT">
								<Offset x="10" y="-8"/>
							</Anchor>
						</Anchors>
					</CheckButton>
					<CheckButton name="SoundOptionsFrameCheckButton3" inherits="SoundOptionsCheckButtonTemplate" id="3">
						<Size>
							<AbsDimension x="24" y="24"/>
						</Size>
						<Anchors>
							<Anchor point="TOP" relativeTo="SoundOptionsFrameCheckButton2" relativePoint="BOTTOM">
								<Offset x="10" y="0"/>
							</Anchor>
						</Anchors>
					</CheckButton>
					<CheckButton name="SoundOptionsFrameCheckButton4" inherits="SoundOptionsCheckButtonTemplate" id="4">
						<Size>
							<AbsDimension x="24" y="24"/>
						</Size>
						<Anchors>
							<Anchor point="TOP" relativeTo="SoundOptionsFrameCheckButton3" relativePoint="BOTTOM">
								<Offset x="0" y="0"/>
							</Anchor>
						</Anchors>
					</CheckButton>
					<CheckButton name="SoundOptionsFrameCheckButton5" inherits="SoundOptionsCheckButtonTemplate" id="5">
						<Anchors>
							<Anchor point="TOP" relativeTo="SoundOptionsFrameCheckButton4" relativePoint="BOTTOM">
								<Offset x="-10" y="0"/>
							</Anchor>
						</Anchors>
					</CheckButton>
					<CheckButton name="SoundOptionsFrameCheckButton6" inherits="SoundOptionsCheckButtonTemplate" id="6">
						<Size>
							<AbsDimension x="24" y="24"/>
						</Size>
						<Anchors>
							<Anchor point="TOP" relativeTo="SoundOptionsFrameCheckButton5" relativePoint="BOTTOM">
								<Offset x="10" y="0"/>
							</Anchor>
						</Anchors>
					</CheckButton>
					<CheckButton name="SoundOptionsFrameCheckButton7" inherits="SoundOptionsCheckButtonTemplate" id="7">
						<Anchors>
							<Anchor point="TOP" relativeTo="SoundOptionsFrameCheckButton6" relativePoint="BOTTOM">
								<Offset x="-10" y="0"/>
							</Anchor>
						</Anchors>
					</CheckButton>
					<CheckButton name="SoundOptionsFrameCheckButton8" inherits="SoundOptionsCheckButtonTemplate" id="8">
						<Anchors>
							<Anchor point="TOP" relativeTo="SoundOptionsFrameCheckButton7" relativePoint="BOTTOM">
								<Offset x="0" y="0"/>
							</Anchor>
						</Anchors>
						<Scripts>
							<OnLoad>
								this:Hide();
							</OnLoad>
						</Scripts>
					</CheckButton>
					<CheckButton name="SoundOptionsFrameCheckButton9" inherits="SoundOptionsCheckButtonTemplate" id="9">
						<Anchors>
							<Anchor point="TOP" relativeTo="SoundOptionsFrameCheckButton7" relativePoint="BOTTOM">
								<Offset x="0" y="0"/>
							</Anchor>
						</Anchors>
					</CheckButton>
					<CheckButton name="SoundOptionsFrameCheckButton10" inherits="SoundOptionsCheckButtonTemplate" id="10">
						<Anchors>
							<Anchor point="TOP" relativeTo="SoundOptionsFrameCheckButton9" relativePoint="BOTTOM">
								<Offset x="0" y="0"/>
							</Anchor>
						</Anchors>
						<Scripts>
							<OnEnter>
								if ( this.tooltipText ) then
									GameTooltip:SetOwner(this, "ANCHOR_RIGHT");
									GameTooltip:SetText(this.tooltipText, nil, nil, nil, nil, 1);
								end
								if ( this.tooltipRequirement ) then
									GameTooltip:AddLine(this.tooltipRequirement, "", 1.0, 1.0, 1.0);
									GameTooltip:Show();
								end
							</OnEnter>
						</Scripts>
					</CheckButton>
					<Slider name="SoundOptionsFrameSlider6" inherits="SoundOptionsLowHighSliderTemplate" id="6">
						<Anchors>
							<Anchor point="TOPLEFT" relativeTo="SoundOptionsFrameCheckButton10" relativePoint="BOTTOMLEFT">
								<Offset x="14" y="-15"/>
							</Anchor>
						</Anchors>
					</Slider>					
				</Frames>
			</Frame>
			<Frame name="$parentHardware" inherits="OptionFrameBoxTemplate">
				<Size x="180" y="135"/>
				<Anchors>
					<Anchor point="TOPLEFT" relativeTo="$parentPlayback" relativePoint="TOPRIGHT">
						<Offset x="3" y="0"/>
					</Anchor>
				</Anchors>
				<Scripts>
					<OnLoad>
						this:SetBackdropBorderColor(0.4, 0.4, 0.4);
						this:SetBackdropColor(0.15, 0.15, 0.15, 0.5);
						getglobal(this:GetName().."Title"):SetText(HARDWARE);
					</OnLoad>
				</Scripts>
				<Frames>
					<Frame name="SoundOptionsOutputDropDown" inherits="UIDropDownMenuTemplate" enableMouse="true">
						<Anchors>
							<Anchor point="TOPLEFT" >
								<Offset>
									<AbsDimension x="-5" y="-25"/>
								</Offset>
							</Anchor>
						</Anchors>
						<Layers>
							<Layer level="BACKGROUND">
								<FontString name="$parentLabel" inherits="GameFontNormalSmall" text="GAME_SOUND_OUTPUT">
									<Anchors>
										<Anchor point="BOTTOM" relativePoint="TOP">
											<Offset>
												<AbsDimension x="0" y="5"/>
											</Offset>
										</Anchor>
									</Anchors>
								</FontString>
							</Layer>
						</Layers>
						<Scripts>
							<OnLoad>
								SoundOptionsOutputDropDown_Load();
							</OnLoad>
							<OnEnter>
								if ( UIDropDownMenu_IsEnabled(this) ) then
									GameTooltip:SetOwner(this, "ANCHOR_RIGHT");
									GameTooltip:SetText(OPTION_TOOLTIP_SOUND_OUTPUT, nil, nil, nil, nil, 1);
									GameTooltip:Show();
								end
							</OnEnter>
							<OnLeave>
								GameTooltip:Hide();
							</OnLeave>
						</Scripts>
					</Frame>
					<Slider name="SoundOptionsFrameSlider5" inherits="SoundOptionsLowHighSliderTemplate" id="5">
						<Anchors>
							<Anchor point="TOPLEFT" relativeTo="SoundOptionsOutputDropDown">
								<Offset x="32" y="-42"/>
							</Anchor>
						</Anchors>
					</Slider>
					<CheckButton name="SoundOptionsFrameCheckButton11" inherits="SoundOptionsCheckButtonTemplate" id="11">
						<Anchors>
							<Anchor point="TOPLEFT" relativeTo="SoundOptionsFrameSlider5" relativePoint="BOTTOMLEFT">
								<Offset x="-5" y="-10"/>
							</Anchor>
						</Anchors>
						<Scripts>
							<OnEnter>
								if ( this.tooltipText ) then
									GameTooltip:SetOwner(this, "ANCHOR_RIGHT");
									GameTooltip:SetText(this.tooltipText, nil, nil, nil, nil, 1);
								end
								if ( this.tooltipRequirement ) then
									GameTooltip:AddLine(this.tooltipRequirement, "", 1.0, 1.0, 1.0);
									GameTooltip:Show();
								end
							</OnEnter>
						</Scripts>
					</CheckButton>
				</Frames>
			</Frame>
			<Frame name="$parentVolume" inherits="OptionFrameBoxTemplate">
				<Size x="180" y="137"/>
				<Anchors>
					<Anchor point="TOPLEFT" relativeTo="$parentHardware" relativePoint="BOTTOMLEFT">
						<Offset x="0" y="-18"/>
					</Anchor>
				</Anchors>
				<Scripts>
					<OnLoad>
						this:SetBackdropBorderColor(0.4, 0.4, 0.4);
						this:SetBackdropColor(0.15, 0.15, 0.15, 0.5);
						getglobal(this:GetName().."Title"):SetText(VOLUME);
					</OnLoad>
				</Scripts>
				<Layers>
					<Layer level="BACKGROUND">
						<FontString inherits="GameFontHighlightSmall" text="LOW">
							<Anchors>
								<Anchor point="TOPLEFT">
									<Offset x="70" y="-41"/>
								</Anchor>
							</Anchors>
						</FontString>
						<FontString inherits="GameFontHighlightSmall" text="HIGH">
							<Anchors>
								<Anchor point="TOPRIGHT">
									<Offset x="-10" y="-41"/>
								</Anchor>
							</Anchors>
						</FontString>
					</Layer>
				</Layers>
				<Frames>
					<Slider name="SoundOptionsFrameSlider1" inherits="SoundOptionsSliderTemplate" id="1">
						<Anchors>
							<Anchor point="TOPLEFT">
								<Offset x="15" y="-23"/>
							</Anchor>
						</Anchors>
					</Slider>
					<Slider name="SoundOptionsFrameSlider2" inherits="SoundOptionsVolumeSliderTemplate" id="2">
						<Anchors>
							<Anchor point="TOPLEFT">
								<Offset x="70" y="-54"/>
							</Anchor>
						</Anchors>
					</Slider>
					<Slider name="SoundOptionsFrameSlider3" inherits="SoundOptionsVolumeSliderTemplate" id="3">
						<Anchors>
							<Anchor point="TOPLEFT" relativeTo="SoundOptionsFrameSlider2"  relativePoint="BOTTOMLEFT">
								<Offset x="0" y="-10"/>
							</Anchor>
						</Anchors>
					</Slider>
					<Slider name="SoundOptionsFrameSlider4" inherits="SoundOptionsVolumeSliderTemplate" id="4">
						<Anchors>
							<Anchor point="TOPLEFT" relativeTo="SoundOptionsFrameSlider3"  relativePoint="BOTTOMLEFT">
								<Offset>
									<AbsDimension x="0" y="-10"/>
								</Offset>
							</Anchor>
						</Anchors>
					</Slider>
				</Frames>
			</Frame>
			<Button name="SoundOptionsFrameDefaults" inherits="UIPanelButtonGrayTemplate" text="DEFAULTS">
				<Size>
					<AbsDimension x="100" y="21"/>
				</Size>
				<Anchors>
					<Anchor point="BOTTOMLEFT">
						<Offset>
							<AbsDimension x="16" y="16"/>
						</Offset>
					</Anchor>
				</Anchors>
				<Scripts>
					<OnClick>
						PlaySound("igMainMenuOptionCheckBoxOn");
						SoundOptionsFrame_SetDefaults();
					</OnClick>
				</Scripts>
			</Button>
			<Button name="SoundOptionsFrameCancel" inherits="OptionsButtonTemplate" text="CANCEL">
				<Size>
					<AbsDimension x="100" y="21"/>
				</Size>
				<Anchors>
					<Anchor point="BOTTOMRIGHT">
						<Offset>
							<AbsDimension x="-16" y="16"/>
						</Offset>
					</Anchor>
				</Anchors>
				<Scripts>
					<OnClick>
						PlaySound("gsTitleOptionExit");
						HideUIPanel(AudioOptionsFrame);
						SoundOptionsFrame_Cancel();
						VoiceOptionsFrame_Cancel();
					</OnClick>
				</Scripts>
			</Button>
			<Button name="SoundOptionsFrameOkay" inherits="OptionsButtonTemplate" text="OKAY">
				<Size>
					<AbsDimension x="100" y="21"/>
				</Size>
				<Anchors>
					<Anchor point="RIGHT" relativeTo="SoundOptionsFrameCancel" relativePoint="LEFT">
						<Offset>
							<AbsDimension x="0" y="0"/>
						</Offset>
					</Anchor>
				</Anchors>
				<Scripts>
					<OnClick>
						PlaySound("gsTitleOptionOK");
						VoiceOptionsFrame_Okay();
						AudioOptionsFrame.okay = true;
						HideUIPanel(AudioOptionsFrame);
						if ( AudioOptionsFrame.ClientRestart ) then
							StaticPopup_Show("CLIENT_RESTART_ALERT");
						elseif ( AudioOptionsFrame.SoundRestart ) then
							AudioOptionsFrame_RestartEngine();
						end
					</OnClick>
				</Scripts>
			</Button>
		</Frames>
		<Scripts>
			<OnLoad>
				SoundOptionsFrame_Init();
			</OnLoad>
			<OnEvent>
				SoundOptionsFrame_OnEvent(self, event, ...);
			</OnEvent>
			<OnShow>
				AudioOptionsFrame_Load();
				AudioOptionsFrame.ClientRestart = nil;
				SoundOptionsFrame_UpdateDependencies();
			</OnShow>
		</Scripts>
	</Frame>
</Ui>
