<Ui xmlns="http://www.blizzard.com/wow/ui/" xmlns:xsi="http://www.w3.org/2001/XMLSchema-instance" xsi:schemaLocation="http://www.blizzard.com/wow/ui/
..\FrameXML\UI.xsd">
	<Script file="UIOptionsFrame.lua"/>
	<Button name="OptionsFrameTabButtonTemplate" virtual="true">
        <Size>
            <AbsDimension x="115" y="24"/>
        </Size>
        <Layers>
        	<Layer level="BORDER">
        		<Texture name="$parentLeftDisabled" file="Interface\OptionsFrame\UI-OptionsFrame-ActiveTab">
        			<Size>
        				<AbsDimension x="20" y="24"/>
        			</Size>
        			<Anchors>
        				<Anchor point="BOTTOMLEFT">
        					<Offset>
        						<AbsDimension x="0" y="-3"/>
        					</Offset>
        				</Anchor>
        			</Anchors>
					<TexCoords left="0" right="0.15625" top="0" bottom="1.0"/>
        		</Texture>
				<Texture name="$parentMiddleDisabled" file="Interface\OptionsFrame\UI-OptionsFrame-ActiveTab">
        			<Size>
        				<AbsDimension x="88" y="24"/>
        			</Size>
        			<Anchors>
        				<Anchor point="LEFT" relativeTo="$parentLeftDisabled" relativePoint="RIGHT"/>
        			</Anchors>
					<TexCoords left="0.15625" right="0.84375" top="0" bottom="1.0"/>
        		</Texture>
				<Texture name="$parentRightDisabled" file="Interface\OptionsFrame\UI-OptionsFrame-ActiveTab">
        			<Size>
        				<AbsDimension x="20" y="24"/>
        			</Size>
        			<Anchors>
        				<Anchor point="LEFT" relativeTo="$parentMiddleDisabled" relativePoint="RIGHT"/>
        			</Anchors>
					<TexCoords left="0.84375" right="1.0" top="0" bottom="1.0"/>
        		</Texture>
				<Texture name="$parentLeft" file="Interface\OptionsFrame\UI-OptionsFrame-InActiveTab">
        			<Size>
        				<AbsDimension x="20" y="24"/>
        			</Size>
        			<Anchors>
        				<Anchor point="TOPLEFT"/>
        			</Anchors>
					<TexCoords left="0" right="0.15625" top="0" bottom="1.0"/>
        		</Texture>
				<Texture name="$parentMiddle" file="Interface\OptionsFrame\UI-OptionsFrame-InActiveTab">
        			<Size>
        				<AbsDimension x="88" y="24"/>
        			</Size>
        			<Anchors>
        				<Anchor point="LEFT" relativeTo="$parentLeft" relativePoint="RIGHT"/>
					</Anchors>
					<TexCoords left="0.15625" right="0.84375" top="0" bottom="1.0"/>
        		</Texture>
				<Texture name="$parentRight" file="Interface\OptionsFrame\UI-OptionsFrame-InActiveTab">
        			<Size>
        				<AbsDimension x="20" y="24"/>
        			</Size>
        			<Anchors>
        				<Anchor point="LEFT" relativeTo="$parentMiddle" relativePoint="RIGHT"/>
        			</Anchors>
					<TexCoords left="0.84375" right="1.0" top="0" bottom="1.0"/>
        		</Texture>
        	</Layer>
        </Layers>
		<Scripts>
			<OnLoad>
				this:SetFrameLevel(this:GetFrameLevel() + 4);
			</OnLoad>
			<OnShow>
				PanelTemplates_TabResize(0);
				getglobal(this:GetName().."HighlightTexture"):SetWidth(this:GetTextWidth() + 30);
			</OnShow>
		</Scripts>
		<ButtonText name="$parentText">
			<Anchors>
				<Anchor point="CENTER">
					<Offset>
						<AbsDimension x="0" y="-3"/>
					</Offset>
				</Anchor>
			</Anchors>
		</ButtonText>
		<NormalFont inherits="GameFontNormalSmall"/>
		<HighlightFont inherits="GameFontHighlightSmall"/>
		<DisabledFont inherits="GameFontHighlightSmall"/>
		<HighlightTexture name="$parentHighlightTexture" file="Interface\PaperDollInfoFrame\UI-Character-Tab-Highlight" alphaMode="ADD">
			<Anchors>
				<Anchor point="LEFT">
					<Offset>
						<AbsDimension x="10" y="-4"/>
					</Offset>
				</Anchor>
				<Anchor point="RIGHT">
					<Offset>
						<AbsDimension x="-10" y="-4"/>
					</Offset>
				</Anchor>
			</Anchors>
		</HighlightTexture>
    </Button>
	
	<Frame name="InterfaceOptionsListTemplate" virtual="true">
		<Layers>
		<!--
			<Layer level="ARTWORK">
				<FontString name="$parentLabel" inherits="GameFontHighlight" text="CATEGORY">
					<Anchors>
						<Anchor point="BOTTOMLEFT" relativeTo="$parent" relativePoint="TOPLEFT">
							<Offset>
								<AbsDimension x="6" y="4"/>
							</Offset>
						</Anchor>
					</Anchors>
				</FontString>
			</Layer>
		-->
			<Layer level="BACKGROUND">
				<!-- Yay. It's a backdrop. -->
				<Texture name="$parentTopLeft" file="Interface\Tooltips\UI-Tooltip-Border">
					<Size>
						<AbsDimension x="16" y="16"/>
					</Size>
					<Anchors>
						<Anchor point="TOPLEFT"/>
					</Anchors>
					<TexCoords left="0.5" right="0.625" top="0" bottom="1"/>
				</Texture>
				<Texture name="$parentBottomLeft" file="Interface\Tooltips\UI-Tooltip-Border">
					<Size>
						<AbsDimension x="16" y="16"/>
					</Size>
					<Anchors>
						<Anchor point="BOTTOMLEFT"/>
					</Anchors>
					<TexCoords left="0.75" right="0.875" top="0" bottom="1"/>
				</Texture>
				<Texture name="$parentBottomRight" file="Interface\Tooltips\UI-Tooltip-Border">
					<Size>
						<AbsDimension x="16" y="16"/>
					</Size>
					<Anchors>
						<Anchor point="BOTTOMRIGHT"/>
					</Anchors>
					<TexCoords left="0.875" right="1" top="0" bottom="1"/>
				</Texture>
				<Texture name="$parentTopRight" file="Interface\Tooltips\UI-Tooltip-Border">
					<Size>
						<AbsDimension x="16" y="16"/>
					</Size>
					<Anchors>
						<Anchor point="TOPRIGHT"/>
					</Anchors>
					<TexCoords left="0.625" right="0.75" top="0" bottom="1"/>
				</Texture>
				<Texture name="$parentLeft" file="Interface\Tooltips\UI-Tooltip-Border">
					<Anchors>
						<Anchor point="TOPLEFT" relativeTo="$parentTopLeft" relativePoint="BOTTOMLEFT"/>
						<Anchor point="BOTTOMRIGHT" relativeTo="$parentBottomLeft" relativePoint="TOPRIGHT"/>
					</Anchors>
					<TexCoords left="0" right="0.125" top="0" bottom="1"/>
				</Texture>
				<Texture name="$parentRight" file="Interface\Tooltips\UI-Tooltip-Border">
					<Anchors>
						<Anchor point="TOPLEFT" relativeTo="$parentTopRight" relativePoint="BOTTOMLEFT"/>
						<Anchor point="BOTTOMRIGHT" relativeTo="$parentBottomRight" relativePoint="TOPRIGHT"/>
					</Anchors>
					<TexCoords left="0.125" right="0.25" top="0" bottom="1"/>
				</Texture>
				<Texture name="$parentBottom" file="Interface\OptionsFrame\UI-OptionsFrame-Spacer">
					<Size>
						<AbsDimension x="0" y="16"/>
					</Size>
					<Anchors>
						<Anchor point="BOTTOMLEFT" relativeTo="$parentBottomLeft" relativePoint="BOTTOMRIGHT">
							<Offset>
								<AbsDimension x="0" y="-2"/>
							</Offset>
						</Anchor>
						<Anchor point="BOTTOMRIGHT" relativeTo="$parentBottomRight" relativePoint="BOTTOMLEFT"/>
					</Anchors>
				</Texture>
				<Texture name="$parentTop" file="Interface\OptionsFrame\UI-OptionsFrame-Spacer">
					<Size>
						<AbsDimension x="0" y="16"/>
					</Size>
					<Anchors>
						<Anchor point="TOPLEFT" relativeTo="$parentTopLeft" relativePoint="TOPRIGHT">
							<Offset>
								<AbsDimension x="0" y="7"/>
							</Offset>
						</Anchor>
						<Anchor point="TOPRIGHT" relativeTo="$parentTopRight" relativePoint="TOPLEFT"/>
					</Anchors>
				</Texture>
			</Layer>
		</Layers>
		<Frames>
			<ScrollFrame name="$parentList" hidden="true">
				<Size>
					<AbsDimension x="24" y="0"/>
				</Size>
				<Anchors>
					<Anchor point="TOPRIGHT">
						<Offset>
							<AbsDimension x="-3" y="-3"/>
						</Offset>
					</Anchor>
					<Anchor point="BOTTOMRIGHT">
						<Offset>
							<AbsDimension x="-3" y="3"/>
						</Offset>
					</Anchor>
				</Anchors>
				<Backdrop edgeFile="Interface\Tooltips\UI-Tooltip-Border" tile="true">
					<EdgeSize>
						<AbsValue val="12"/>
					</EdgeSize>
					<TileSize>
						<AbsValue val="16"/>
					</TileSize>
					<BackgroundInsets>
						<AbsInset left="0" right="0" top="5" bottom="5"/>
					</BackgroundInsets>
				</Backdrop>				
				<Scripts>
					<OnLoad>
						this:SetBackdropBorderColor(.6, .6, .6, .6);
						ScrollFrame_OnLoad();
					</OnLoad>
					<OnMouseWheel>
						ScrollFrameTemplate_OnMouseWheel(arg1);
					</OnMouseWheel>					
					<OnVerticalScroll>
						FauxScrollFrame_OnVerticalScroll(18, self:GetParent().update);
					</OnVerticalScroll>
				</Scripts>
				<Frames>
					<Slider name="$parentScrollBar" inherits="UIPanelScrollBarTemplate">
						<Anchors>
							<Anchor point="TOPRIGHT">
								<Offset>
									<AbsDimension x="0" y="-20"/>
								</Offset>
							</Anchor>
							<Anchor point="BOTTOMLEFT">
								<Offset>
									<AbsDimension x="0" y="19"/>
								</Offset>
							</Anchor>	
						</Anchors>
						<Scripts>
							<OnValueChanged>
								this:GetParent():SetVerticalScroll(arg1);
							</OnValueChanged>
						</Scripts>
					</Slider>
					<Frame name="$parentScrollChildFrame" hidden="true"/>
				</Frames>
			</ScrollFrame>
		</Frames>
		<Scripts>
			<OnMouseWheel>
				ScrollFrameTemplate_OnMouseWheel(arg1, self.scrollBar);
			</OnMouseWheel>
		</Scripts>
	</Frame>
	<Button name="InterfaceOptionsButtonTemplate" virtual="true">
		<Size>
			<AbsDimension x="175" y="18"/>
		</Size>

		<Scripts>
			<OnLoad>
				self.text = getglobal(self:GetName() .. "Text");
				self.highlight = self:GetHighlightTexture();
				self.highlight:SetVertexColor(.196, .388, .8);
				self.text:SetPoint("RIGHT", "$parentToggle", "LEFT", -2, 0);
				self:RegisterForClicks("LeftButtonUp", "RightButtonUp");
			</OnLoad>
			<OnClick>
				InterfaceOptionsListButton_OnClick(button, self);
			</OnClick>
		</Scripts>
		<Frames>
			<Button name="$parentToggle" inherits="InterfaceOptionsToggleButtonTemplate">
				<Size>
					<AbsDimension x="14" y="14"/>
				</Size>
				<Anchors>
					<Anchor point="TOPRIGHT" relativeTo="$parent" relativePoint="TOPRIGHT">
						<Offset>
							<AbsDimension x="-6" y="-1"/>
						</Offset>
					</Anchor>
				</Anchors>
				<Scripts>
					<OnLoad>
						self:GetParent().toggle = this;
						this:RegisterForClicks("LeftButtonUp", "RightButtonUp");
					</OnLoad>
					<OnClick>
						InterfaceOptions_ToggleSubCategories(self);
					</OnClick>
				</Scripts>
				<NormalTexture name="$parentNormalTexture" file="Interface\Buttons\UI-MinusButton-UP"/>
				<PushedTexture name="$parentPushedTexture" file="Interface\Buttons\UI-MinusButton-DOWN"/>
				<HighlightTexture name="$parentHighlightTexture" file="Interface\Buttons\UI-PlusButton-Hilight" alphaMode="ADD"/>
			</Button>
		</Frames>
		<ButtonText name="$parentText" justifyH="LEFT">
			<Anchors>
				<Anchor point="RIGHT" relativeTo="$parentToggle" relativePoint="LEFT">
					<Offset>
						<AbsDimension x="-2" y="0"/>
					</Offset>
				</Anchor>
			</Anchors>
		</ButtonText>
		<NormalFont inherits="GameFontNormal"/>
		<HighlightFont inherits="GameFontHighlight"/>
		<HighlightTexture file="Interface\QuestFrame\UI-QuestLogTitleHighlight" alphaMode="ADD">
			<Anchors>
				<Anchor point="TOPLEFT">	
					<Offset>
						<AbsDimension x="0" y="1"/>
					</Offset>
				</Anchor>
				<Anchor point="BOTTOMRIGHT">	
					<Offset>
						<AbsDimension x="0" y="1"/>
					</Offset>
				</Anchor>
			</Anchors>
		</HighlightTexture>
	</Button>

	<Frame name="InterfaceOptionsFrame" parent="UIParent" hidden="true" enableMouse="true" frameStrata="HIGH">
		<Size>
			<AbsDimension x="620" y="500"/>
		</Size>
		<Anchors>
			<Anchor point="CENTER"/>
		</Anchors>
		<Backdrop bgFile="Interface\DialogFrame\UI-DialogBox-Background" edgeFile="Interface\DialogFrame\UI-DialogBox-Border" tile="true">
			<BackgroundInsets>
				<AbsInset left="11" right="11" top="12" bottom="10"/>
			</BackgroundInsets>
			<TileSize>
				<AbsValue val="32"/>
			</TileSize>
			<EdgeSize>
				<AbsValue val="32"/>
			</EdgeSize>
		</Backdrop>
		<Layers>
			<Layer level="ARTWORK">
				<Texture name="$parentHeader" file="Interface\DialogFrame\UI-DialogBox-Header">
					<Size>
						<AbsDimension x="300" y="68"/>
					</Size>
					<Anchors>
						<Anchor point="TOP">
							<Offset>
								<AbsDimension x="0" y="12"/>
							</Offset>
						</Anchor>
					</Anchors>
				</Texture>
				<FontString name="$parentHeaderText" inherits="GameFontNormal" text="INTERFACE_OPTIONS">
					<Anchors>
						<Anchor point="TOP" relativeTo="$parentHeader">
							<Offset>
								<AbsDimension x="0" y="-14"/>
							</Offset>
						</Anchor>
					</Anchors>
				</FontString>
			</Layer>
		</Layers>
		<Frames>
			<Button name="$parentCancel" inherits="UIPanelButtonTemplate" text="CANCEL">
				<Size>
					<AbsDimension x="96" y="22"/>
				</Size>
				<Anchors>
					<Anchor point="BOTTOMRIGHT">
						<Offset>
							<AbsDimension x="-16" y="16"/>
						</Offset>
					</Anchor>
				</Anchors>
				<Scripts>
					<OnClick>
						InterfaceOptionsFrameCancel_OnClick();
					</OnClick>
				</Scripts>
			</Button>
			<Button name="$parentOkay" inherits="UIPanelButtonTemplate" text="OKAY">
				<Size>
					<AbsDimension x="96" y="22"/>
				</Size>
				<Anchors>
					<Anchor point="BOTTOMRIGHT" relativeTo="$parentCancel" relativePoint="BOTTOMLEFT"/>
				</Anchors>
				<Scripts>
					<OnClick>
						InterfaceOptionsFrameOkay_OnClick();
					</OnClick>
				</Scripts>
			</Button>
			<Button name="$parentDefaults" inherits="UIPanelButtonGrayTemplate" text="DEFAULTS">
				<Size>
					<AbsDimension x="96" y="22"/>
				</Size>
				<Anchors>
					<Anchor point="BOTTOMLEFT">
						<Offset>
							<AbsDimension x="16" y="16"/>
						</Offset>
					</Anchor>
				</Anchors>
				<Scripts>
					<OnClick>
						InterfaceOptionsFrameDefaults_OnClick();
					</OnClick>
				</Scripts>
			</Button>
			<Frame name="$parentCategories" inherits="InterfaceOptionsListTemplate">
				<Size>
					<AbsDimension x="175" y="409"/>
				</Size>
				<Anchors>
					<Anchor point="TOPLEFT">
						<Offset>
							<AbsDimension x="22" y="-40"/>
						</Offset>
					</Anchor>
				</Anchors>
				<Scripts>
					<OnLoad>
						self.labelText = CATEGORY;
						self.update = InterfaceCategoryList_Update;
						InterfaceOptionsList_OnLoad(self);
						InterfaceCategoryList_Update();
					</OnLoad>
				</Scripts>
			</Frame>
			<Frame name="$parentAddOns" inherits="InterfaceOptionsListTemplate" hidden="true">
				<Size>
					<AbsDimension x="175" y="409"/>
				</Size>
				<Anchors>
					<Anchor point="TOPLEFT">
						<Offset>
							<AbsDimension x="22" y="-40"/>
						</Offset>
					</Anchor>
				</Anchors>
				<Scripts>
					<OnLoad>
						self.labelText = ADDONS
						self.update = InterfaceAddOnsList_Update;
						InterfaceOptionsList_OnLoad(self);
						InterfaceAddOnsList_Update();
					</OnLoad>
				</Scripts>
			</Frame>
			<Frame name="$parentPanelContainer">
				<Anchors>
					<Anchor point="TOPLEFT" relativeTo="$parentCategories" relativePoint="TOPRIGHT">
						<Offset>
							<AbsDimension x="16" y="0"/>
						</Offset>
					</Anchor>
					<Anchor point="BOTTOMLEFT" relativeTo="$parentCategories" relativePoint="BOTTOMRIGHT">
						<Offset>
							<AbsDimension x="16" y="1"/>
						</Offset>
					</Anchor>
					<Anchor point="RIGHT">
						<Offset>
							<AbsDimension x="-22" y="0"/>
						</Offset>
					</Anchor>
				</Anchors>
				<Backdrop edgeFile="Interface\Tooltips\UI-Tooltip-Border" tile="true">
					<EdgeSize>
						<AbsValue val="16"/>
					</EdgeSize>
					<TileSize>
						<AbsValue val="16"/>
					</TileSize>
					<BackgroundInsets>
						<AbsInset left="5" right="5" top="5" bottom="5"/>
					</BackgroundInsets>
				</Backdrop>
				<Scripts>
					<OnLoad>
						this:SetBackdropBorderColor(.6, .6, .6, 1);
					</OnLoad>
				</Scripts>
			</Frame>
			<Button name="$parentTab1" inherits="OptionsFrameTabButtonTemplate" text="GAME" id="1" hidden="true">
				<Anchors>
					<Anchor point="BOTTOMLEFT" relativeTo="$parentCategories" relativePoint="TOPLEFT">
						<Offset>
							<AbsDimension x="6" y="-3"/>
						</Offset>
					</Anchor>
				</Anchors>
				<Scripts>
					<OnClick>
						PanelTemplates_Tab_OnClick(InterfaceOptionsFrame);
						PanelTemplates_UpdateTabs(InterfaceOptionsFrame);
						InterfaceOptionsFrame_TabOnClick();
					</OnClick>
				</Scripts>
				<Layers>
					<Layer level="BACKGROUND">
						<Texture name="$parentTabSpacer" file="Interface\OptionsFrame\UI-OptionsFrame-Spacer">	
							<Size>
								<AbsDimension x="85" y="16"/>
							</Size>
							<Anchors>
								<Anchor point="BOTTOMLEFT" relativeTo="$parent" relativePoint="BOTTOMRIGHT">
									<Offset>
										<AbsDimension x="-10" y="-6"/>
									</Offset>
								</Anchor>
								<Anchor point="RIGHT" relativeTo="InterfaceOptionsFrameCategoriesTopRight" relativePoint="LEFT"/>
							</Anchors>
						</Texture>
					</Layer>
				</Layers>
			</Button>
			<Button name="$parentTab2" inherits="OptionsFrameTabButtonTemplate" text="ADDONS" id="2" hidden="true">
				<Anchors>
					<Anchor point="TOPLEFT" relativeTo="$parentTab1" relativePoint="TOPRIGHT">
						<Offset>
							<AbsDimension x="-16" y="0"/>
						</Offset>
					</Anchor>
				</Anchors>
				<Scripts>
					<OnClick>
						PanelTemplates_Tab_OnClick(InterfaceOptionsFrame);
						PanelTemplates_UpdateTabs(InterfaceOptionsFrame);
						InterfaceOptionsFrame_TabOnClick();
					</OnClick>
				</Scripts>				
				<Layers>
					<Layer level="BACKGROUND">
						<Texture name="$parentTabSpacer1" file="Interface\OptionsFrame\UI-OptionsFrame-Spacer" hidden="true">	
							<Size>
								<AbsDimension x="64" y="16"/>
							</Size>
							<Anchors>
								<Anchor point="BOTTOMRIGHT" relativeTo="$parent" relativePoint="BOTTOMLEFT">
									<Offset>
										<AbsDimension x="11" y="-6"/>
									</Offset>
								</Anchor>
								<Anchor point="LEFT" relativeTo="InterfaceOptionsFrameAddOnsTopLeft" relativePoint="RIGHT"/>
							</Anchors>
						</Texture>
						<Texture name="$parentTabSpacer2" file="Interface\OptionsFrame\UI-OptionsFrame-Spacer" hidden="true">	
							<Size>
								<AbsDimension x="16" y="16"/>
							</Size>
							<Anchors>
								<Anchor point="BOTTOMLEFT" relativeTo="$parent" relativePoint="BOTTOMRIGHT">
									<Offset>
										<AbsDimension x="-9" y="-6"/>
									</Offset>
								</Anchor>
								<Anchor point="RIGHT" relativeTo="InterfaceOptionsFrameAddOnsTopRight" relativePoint="LEFT"/>
							</Anchors>
						</Texture>
					</Layer>
				</Layers>				
			</Button>
		</Frames>
		<Scripts>
			<OnShow>
				InterfaceOptionsFrame_OnShow();
			</OnShow>
			<OnHide>
				InterfaceOptionsFrame_OnHide();
			</OnHide>
			<OnLoad>
				InterfaceOptionsFrame_OnLoad(self);
			</OnLoad>
			<OnEvent>
				InterfaceOptionsFrame_OnEvent(self, event, ...);
			</OnEvent>
		</Scripts>
	</Frame>
</Ui>
