<Ui xmlns="http://www.blizzard.com/wow/ui/" xmlns:xsi="http://www.w3.org/2001/XMLSchema-instance" xsi:schemaLocation="http://www.blizzard.com/wow/ui/
..\FrameXML\UI.xsd">
	<Script file="UIParent.lua"/>
	<Frame name="UIParent" setAllPoints="true" protected="true" frameStrata="MEDIUM">
		<Attributes>
			<Attribute name="DEFAULT_FRAME_WIDTH" type="number" value="384"/>
			<Attribute name="TOP_OFFSET" type="number" value="-104"/>
			<Attribute name="LEFT_OFFSET" type="number" value="0"/>
			<Attribute name="CENTER_OFFSET" type="number" value="384"/>	<!-- Do not modify, updated by UpdateUIPanelPositions() -->
			<Attribute name="RIGHT_OFFSET" type="number" value="768"/>	<!-- Do not modify, updated by UpdateUIPanelPositions() -->
			<Attribute name="RIGHT_OFFSET_BUFFER" type="number" value="80"/>
		</Attributes>
		<Scripts>
			<!-- Register here for any events you want to monitor globally -->
			<OnLoad>
				UIParent_OnLoad();
				this.firstTimeLoaded = 1;
			</OnLoad>
			<!-- Respond here to any events you want to monitor globally -->
			<OnEvent>
				UIParent_OnEvent(event);
			</OnEvent>
			<OnUpdate>
				UIFrameFadeUpdate(arg1);
				UIFrameFlashUpdate(arg1);
				FCF_OnUpdate(arg1);
				ButtonPulse_OnUpdate(arg1);
				UnitPopup_OnUpdate(arg1);
				BattlefieldFrame_OnUpdate(arg1);
				RequestBattlefieldPositions();
				CheckReadyCheckTime();
				AnimatedShine_OnUpdate(arg1);
			</OnUpdate>
			<!-- used to properly hide and show certain frames when the UI is toggled on and off -->
			<OnShow>
				if ( this.firstTimeLoaded ~= 1 ) then
					CloseAllWindows();
					this.firstTimeLoaded = nil;
				end
			</OnShow>
			<OnAttributeChanged>
				UpdateUIPanelPositions();
			</OnAttributeChanged>
		</Scripts>
	</Frame>
<!--
	<Frame name="LowHealthFrame" toplevel="true" parent="WorldFrame" setAllPoints="true" hidden="true">
		<Layers>
			<Layer level="BACKGROUND">
				<Texture file="Interface\FullScreenTextures\LowHealth" alphaMode="ADD"/>
			</Layer>
		</Layers>
	</Frame>
	<Frame name="OutOfControlFrame" toplevel="true" parent="UIParent" setAllPoints="true" hidden="true">
		<Layers>
			<Layer level="BACKGROUND">
				<Texture file="Interface\FullScreenTextures\OutOfControl" alphaMode="ADD"/>
			</Layer>
		</Layers>
		<Scripts>
			<OnLoad>
				SHOW_FULLSCREEN_STATUS = "1";
				RegisterForSave("SHOW_FULLSCREEN_STATUS");
			</OnLoad>
		</Scripts>
	</Frame>
-->
</Ui>
