<Ui xmlns="http://www.blizzard.com/wow/ui/" xmlns:xsi="http://www.w3.org/2001/XMLSchema-instance" xsi:schemaLocation="http://www.blizzard.com/wow/ui/
..\FrameXML\UI.xsd">
	<Script file="VoiceOptionsFrame.lua"/>
	<CheckButton name="VoiceOptionsCheckButtonTemplate" inherits="OptionsCheckButtonTemplate" virtual="true">
		<Scripts>
			<OnClick>
				VoiceOptionsFrameCheckButton_OnClick();
			</OnClick>
		</Scripts>
	</CheckButton>
	<Slider name="VoiceOptionsSliderTemplate" inherits="AudioOptionsSliderTemplate" virtual="true">
		<Scripts>
			<OnValueChanged>
				VoiceOptionsFrameSlider_OnValueChanged();
			</OnValueChanged> 
		</Scripts>
	</Slider>
	<Slider name="VoiceOptionsVolumeSliderTemplate" inherits="AudioOptionsVolumeSliderTemplate" virtual="true">
		<Scripts>
			<OnValueChanged>
				VoiceOptionsFrameSlider_OnValueChanged();
			</OnValueChanged> 
		</Scripts>
	</Slider>
	<Slider name="VoiceOptionsLowHighSliderTemplate" inherits="OptionsSliderTemplate" virtual="true">
		<Scripts>
			<OnValueChanged>
				VoiceOptionsFrameSlider_OnValueChanged();
			</OnValueChanged>
		</Scripts>
	</Slider>
	<Frame name="VoiceOptionsFrame" enableMouse="true" parent="AudioOptionsFrame" hidden="true" id="2">
		<Size>
			<AbsDimension x="400" y="395"/>
		</Size>
		<Anchors>
			<Anchor point="CENTER"/>
		</Anchors>
		<Layers>
			<Layer level="BACKGROUND">
				<FontString inherits="GameFontNormal" text="VOICE_CHAT_OPTIONS">
					<Anchors>
						<Anchor point="TOP" relativeTo="AudioOptionsFrameHeader" relativePoint="TOP">
							<Offset>
								<AbsDimension x="0" y="-14"/>
							</Offset>
						</Anchor>
					</Anchors>
				</FontString>
			</Layer>
		</Layers>
		<Frames>
			<CheckButton name="VoiceOptionsFrameCheckButton1" inherits="VoiceOptionsCheckButtonTemplate" id="1">
				<Anchors>
					<Anchor point="TOP" relativeTo="AudioOptionsFrameHeader" relativePoint="BOTTOM">
						<Offset>
							<AbsDimension x="-50" y="30"/>
						</Offset>
					</Anchor>
				</Anchors>
				<Scripts>
					<OnClick>
						VoiceOptionsFrameCheckButton_OnClick();
						VoiceOptionsFrame_Update();
					</OnClick>
				</Scripts>
			</CheckButton>
			<Frame name="VoiceOptionsFrameDisabledMessage" hidden="true">
				<Size>
					<AbsDimension x="0" y="24"/>
				</Size>
				<Anchors>
					<Anchor point="TOPLEFT">
						<Offset>
							<AbsDimension x="30" y="-26"/>
						</Offset>
					</Anchor>
					<Anchor point="TOPRIGHT">
						<Offset>
							<AbsDimension x="-30" y="-26"/>
						</Offset>
					</Anchor>
				</Anchors>
				<Layers>
					<Layer level="ARTWORK">
						<FontString name="$parentText" inherits="GameFontNormal" text="VOICECHAT_DISABLED" setAllPoints="true"/>
					</Layer>
				</Layers>
				<Scripts>
					<OnEnter>
						GameTooltip:SetOwner(this, "ANCHOR_RIGHT");
						GameTooltip:SetText(VOICECHAT_DISABLED_TEXT, nil, nil, nil, nil, 1);
					</OnEnter>
					<OnLeave>
						GameTooltip:Hide();
					</OnLeave>
				</Scripts>
			</Frame>
			<Frame name="$parentTalking" inherits="OptionFrameBoxTemplate">
				<Size>
					<AbsDimension x="180" y="160"/>
				</Size>
				<Anchors>
					<Anchor point="TOPLEFT">
						<Offset>
							<AbsDimension x="20" y="-65"/>
						</Offset>
					</Anchor>
				</Anchors>
				<Scripts>
					<OnLoad>
						this:SetBackdropBorderColor(0.4, 0.4, 0.4);
						this:SetBackdropColor(0.15, 0.15, 0.15, 0.5);
						getglobal(this:GetName().."Title"):SetText(VOICE_TALKING);
					</OnLoad>
				</Scripts>
				<Frames>
					<CheckButton name="VoiceOptionsFrameCheckButton2" inherits="VoiceOptionsCheckButtonTemplate" id="2">
						<Anchors>
							<Anchor point="TOPLEFT">
								<Offset>
									<AbsDimension x="10" y="-5"/>
								</Offset>
							</Anchor>
						</Anchors>
						<Scripts>
							<OnClick>
								VoiceOptionsFrameCheckButton_OnClick();
								VoiceOptionsFrame_UpdateMicrophoneControls();
							</OnClick>
						</Scripts>
					</CheckButton>
					<Frame name="VoiceOptionsFrameInputDeviceDropDown" inherits="UIDropDownMenuTemplate" enableMouse="true">
						<Anchors>
							<Anchor point="TOPLEFT" relativeTo="VoiceOptionsFrameCheckButton2" relativePoint="BOTTOMLEFT">
								<Offset>
									<AbsDimension x="-15" y="0"/>
								</Offset>
							</Anchor>
						</Anchors>
						<Scripts>
							<OnLoad>
								VoiceOptionsFrameInputDeviceDropDown_Load();
							</OnLoad>
							<OnEnter>
								if ( UIDropDownMenu_IsEnabled(this) ) then
									GameTooltip:SetOwner(this, "ANCHOR_RIGHT");
									GameTooltip:SetText(OPTION_TOOLTIP_VOICE_INPUT, nil, nil, nil, nil, 1);
									GameTooltip:Show();
								end
							</OnEnter>
							<OnLeave>
								GameTooltip:Hide();
							</OnLeave>
						</Scripts>
					</Frame>
					<Slider name="VoiceOptionsFrameSlider2" inherits="VoiceOptionsSliderTemplate" id="2">
						<Anchors>
							<Anchor point="TOPLEFT" relativeTo="VoiceOptionsFrameInputDeviceDropDown" relativePoint="BOTTOMLEFT">
								<Offset>
									<AbsDimension x="15" y="-20"/>
								</Offset>
							</Anchor>
						</Anchors>
					</Slider>
					<Frame name="VoiceOptionsFrameMicTest">
						<Size>
							<AbsDimension x="180" y="55"/>
						</Size>
						<Anchors>
							<Anchor point="TOPLEFT" relativeTo="VoiceOptionsFrameSlider2" relativePoint="BOTTOMLEFT">
								<Offset x="-10" y="0"/>
							</Anchor>
						</Anchors>
						<Layers>
							<Layer level="BACKGROUND">
								<FontString name="$parentText" inherits="GameFontNormalSmall" text="VOICE_MICROPHONE_TEST">
									<Anchors>
										<Anchor point="TOP">
											<Offset x="0" y="-10"/>
										</Anchor>
									</Anchors>
								</FontString>
							</Layer>
						</Layers>
						<Frames>
							<Button name="RecordLoopbackSoundButton" inherits="OptionsButtonTemplate">
								<Size x="26" y="21"/>
								<Anchors>
									<Anchor point="TOPLEFT">
										<Offset x="12" y="-24"/>
									</Anchor>
								</Anchors>
								<Layers>
									<Layer level="OVERLAY">
										<Texture name="$parentTexture" file="Interface\OptionsFrame\VoiceChat-Record">
											<Size>
												<AbsDimension x="10" y="10"/>
											</Size>
											<Anchors>
												<Anchor point="CENTER">
													<Offset>
														<AbsDimension x="0" y="0"/>
													</Offset>
												</Anchor>
											</Anchors>
										</Texture>
									</Layer>
								</Layers>
								<Scripts>
									<OnLoad>
										RecordLoopbackSoundButtonTexture:SetVertexColor(1, 0, 0);													
									</OnLoad>
									<OnEnter>
										GameTooltip:SetOwner(this, "ANCHOR_RIGHT");
										GameTooltip:SetText(VOICE_MIC_TEST_RECORD, nil, nil, nil, nil, 1);
										getglobal(this:GetName().."Texture"):SetVertexColor(1, 1, 1);
									</OnEnter>
									<OnLeave>
										GameTooltip:Hide();
									</OnLeave>
									<OnClick>
										getglobal(this:GetName().."Texture"):SetVertexColor(0.5, 0.5, 0.5);								
										PlaySound("gsTitleOptionExit");
										VoiceChat_RecordLoopbackSound(5);
										this.clicked = 1;
									</OnClick>
									<OnUpdate>
										UpdateRecordLoopbackButton();
									</OnUpdate>
									<OnLeave>
										getglobal(this:GetName().."Texture"):SetVertexColor(1, 0, 0);
										GameTooltip:Hide();
									</OnLeave>
								</Scripts>
							</Button>
							<Button name="PlayLoopbackSoundButton" inherits="OptionsButtonTemplate">
								<Size x="26" y="21"/>
								<Anchors>
									<Anchor point="LEFT" relativePoint="RIGHT" relativeTo="RecordLoopbackSoundButton">
										<Offset x="3" y="0"/>
									</Anchor>
								</Anchors>
								<Layers>
									<Layer level="OVERLAY">
										<Texture name="$parentTexture" file="Interface\OptionsFrame\VoiceChat-Play">
											<Size>
												<AbsDimension x="10" y="10"/>
											</Size>
											<Anchors>
												<Anchor point="CENTER">
													<Offset>
														<AbsDimension x="0" y="0"/>
													</Offset>
												</Anchor>
											</Anchors>
										</Texture>
									</Layer>
								</Layers>
								<Scripts>
									<OnLoad>
										getglobal(this:GetName().."Texture"):SetVertexColor(NORMAL_FONT_COLOR.r , NORMAL_FONT_COLOR.g , NORMAL_FONT_COLOR.b);
									</OnLoad>
									<OnEnter>
										GameTooltip:SetOwner(this, "ANCHOR_RIGHT");
										GameTooltip:SetText(VOICE_MIC_TEST_PLAY, nil, nil, nil, nil, 1);
										getglobal(this:GetName().."Texture"):SetVertexColor(1, 1, 1);
									</OnEnter>
									<OnClick>
										PlaySound("gsTitleOptionExit");
										VoiceChat_StopRecordingLoopbackSound();
										VoiceChat_PlayLoopbackSound();
									</OnClick>
									<OnLeave>
										getglobal(this:GetName().."Texture"):SetVertexColor(NORMAL_FONT_COLOR.r , NORMAL_FONT_COLOR.g , NORMAL_FONT_COLOR.b);
										GameTooltip:Hide();
									</OnLeave>
								</Scripts>
							</Button>
							<Frame inherits="OptionFrameBoxTemplate">
								<Size x="100" y="25"/>
								<Anchors>
									<Anchor point="LEFT" relativeTo="PlayLoopbackSoundButton" relativePoint="RIGHT">
										<Offset x="3" y="0"/>
									</Anchor>
								</Anchors>
								<Scripts>
									<OnLoad>
										this:SetBackdropBorderColor(0.4, 0.4, 0.4);
										this:SetBackdropColor(0.15, 0.15, 0.15, 0.5);
									</OnLoad>
								</Scripts>
								<Frames>
								  <!-- Loopback VU Meter -->
									<StatusBar name="LoopbackVUMeter" drawLayer="BACKGROUND" inherits="TextStatusBar" enableMouse="false">
										<Anchors>
											<Anchor point="TOPLEFT">
												<Offset x="6" y="-6"/>
											</Anchor>
											<Anchor point="BOTTOMRIGHT">
												<Offset x="0" y="6"/>
											</Anchor>
										</Anchors>
										<Scripts>
											<OnLoad>
												LoopbackVUMeter_Init();
											</OnLoad>
											<OnUpdate>
												LoopbackVUMeter_Update();
											</OnUpdate>
										</Scripts>
										<BarTexture file="Interface\TargetingFrame\UI-StatusBar"/>
									</StatusBar>
								</Frames>
							</Frame>
						</Frames>
					</Frame>
				</Frames>
			</Frame>
			<!-- ##"Voice Chat Mode" group box-->			
			<Frame name="$parentMode" inherits="OptionFrameBoxTemplate">
				<Size>
					<AbsDimension x="180" y="130"/>
				</Size>
				<Anchors>
					<Anchor point="TOPLEFT" relativeTo="$parentTalking" relativePoint="BOTTOMLEFT">
						<Offset>
							<AbsDimension x="0" y="0"/>
						</Offset>
					</Anchor>
				</Anchors>
				<Scripts>
					<OnLoad>
						this:SetBackdropBorderColor(0.4, 0.4, 0.4);
						this:SetBackdropColor(0.15, 0.15, 0.15, 0.5);
					</OnLoad>
				</Scripts>
				<Frames>
					<Frame name="VoiceOptionsFrameTypeDropDown" inherits="UIDropDownMenuTemplate" enableMouse="true">
						<Anchors>
							<Anchor point="TOPLEFT" >
								<Offset>
									<AbsDimension x="-5" y="-25"/>
								</Offset>
							</Anchor>
						</Anchors>
						<Layers>
							<Layer level="BACKGROUND">
								<FontString name="$parentLabel" inherits="GameFontNormalSmall" text="VOICE_CHAT_MODE">
									<Anchors>
										<Anchor point="BOTTOM" relativePoint="TOP">
											<Offset>
												<AbsDimension x="0" y="5"/>
											</Offset>
										</Anchor>
									</Anchors>
								</FontString>
							</Layer>
						</Layers>
						<Scripts>
							<OnLoad>
								VoiceOptionsFrameTypeDropDown_Load();
							</OnLoad>
							<OnEnter>
								if ( UIDropDownMenu_IsEnabled(this) and this.tooltip ) then
									GameTooltip:SetOwner(this, "ANCHOR_RIGHT");
									GameTooltip:SetText(this.tooltip, nil, nil, nil, nil, 1);
								end
							</OnEnter>
							<OnLeave>
								GameTooltip:Hide();
							</OnLeave>
						</Scripts>
					</Frame>
					<!-- Key Binding Selection -->
					<Frame name="VoiceOptionsFrameType1">
						<Size>
							<AbsDimension x="160" y="50"/>
						</Size>
						<Anchors>
							<Anchor point="TOP" relativeTo="VoiceOptionsFrameTypeDropDown" relativePoint="BOTTOM">
								<Offset>
									<AbsDimension x="0" y="2"/>
								</Offset>
							</Anchor>
						</Anchors>
						<Layers>
							<Layer level="BACKGROUND">
								<FontString name="$parentLabel" inherits="GameFontNormalSmall" text="KEY_BINDING">
									<Anchors>
										<Anchor point="TOP"/>
									</Anchors>
								</FontString>
							</Layer>
						</Layers>
						<Frames>
							<Frame name="VoiceOptionsFrameBindingOutput">
								<Size x="160" y="50"/>
								<Anchors>
									<Anchor point="TOP">
										<Offset x="-1" y="-36"/>
									</Anchor>
								</Anchors>
								<Layers>
									<Layer level="BACKGROUND">
										<FontString name="VoiceOptionsFrameBindingOutputText" inherits="GameFontHighlightSmall" justifyH="LEFT">
											<Anchors>
												<Anchor point="TOP"/>
											</Anchors>
										</FontString>
									</Layer>
								</Layers>
							</Frame>							
							<Button name="$parentKeyBindingButton" inherits="OptionsButtonTemplate">
								<Size x="155" y="21"/>
								<Anchors>
									<Anchor point="TOP" relativeTo="$parentLabel" relativePoint="BOTTOM">
										<Offset x="0" y="-3"/>
									</Anchor>
								</Anchors>
								<Layers>
									<Layer level="BORDER">
										<FontString name="$parentHiddenText" inherits="GameFontNormal" hidden="true">
											<Size>
												<AbsDimension x="0" y="13"/>
											</Size>
											<Anchors>
												<Anchor point="TOPLEFT"/>
											</Anchors>
										</FontString>
									</Layer>
								</Layers>
								<Scripts>
									<OnShow>
										VoiceChatOptionsFrameBindingButton_OnShow();
										VoiceChatOptionsFrameBindingButton_SetTooltip();
									</OnShow>
									<OnClick>
										VoiceChatOptionsFrameBindingButton_OnClick(arg1);
									</OnClick>
									<OnKeyUp>
										VoiceChatOptionsFrameBindingButton_OnKeyUp(arg1);
									</OnKeyUp>
									<OnKeyDown>
										VoiceChatOptionsFrameBindingButton_OnKeyDown(arg1);
									</OnKeyDown>
									<OnLoad>
										this:RegisterForClicks("AnyUp");
									</OnLoad>
									<OnEnter>
										VoiceChatOptionsFrameBindingButton_OnEnter();
									</OnEnter>
									<OnLeave>
										GameTooltip:Hide();
									</OnLeave>
								</Scripts>
							</Button>
							<CheckButton name="VoiceOptionsFrameCheckButton3" inherits="VoiceOptionsCheckButtonTemplate" id="3">
								<Size>
									<AbsDimension x="24" y="24"/>
								</Size>
								<Anchors>
									<Anchor point="TOPLEFT">
										<Offset x="0" y="-47"/>
									</Anchor>
								</Anchors>
							</CheckButton>
						</Frames>
					</Frame>
					<!-- Voice Activation Threshold -->
					<Frame name="VoiceOptionsFrameType2">
						<Size>
							<AbsDimension x="160" y="50"/>
						</Size>
						<Anchors>
							<Anchor point="TOPLEFT" relativeTo="VoiceOptionsFrameTypeDropDown" relativePoint="BOTTOMLEFT">
								<Offset x="20" y="-15"/>
							</Anchor>
						</Anchors>
						<Frames>
							<Slider name="VoiceOptionsFrameSlider1" inherits="VoiceOptionsLowHighSliderTemplate" id="1">
								<Anchors>
									<Anchor point="TOPLEFT">
										<Offset x="11" y="0"/>
									</Anchor>
								</Anchors>
							</Slider>
						</Frames>
					</Frame>
				</Frames>
			</Frame>
			<!--########-->
			<Frame name="$parentSpeaking" inherits="OptionFrameBoxTemplate">
				<Size x="180" y="270"/>
				<Anchors>
					<Anchor point="TOPLEFT" relativeTo="$parentTalking" relativePoint="TOPRIGHT">
						<Offset x="3" y="0"/>
					</Anchor>
				</Anchors>
				<Scripts>
					<OnLoad>
						this:SetBackdropBorderColor(0.4, 0.4, 0.4);
						this:SetBackdropColor(0.15, 0.15, 0.15, 0.5);
						getglobal(this:GetName().."Title"):SetText(VOICE_LISTENING);
					</OnLoad>
				</Scripts>
				<Frames>
					<Frame name="VoiceOptionsFrameOutputDeviceDropDown" inherits="UIDropDownMenuTemplate" enableMouse="true">
						<Anchors>
							<Anchor point="TOPLEFT">
								<Offset x="-5" y="-37"/>
							</Anchor>
						</Anchors>
						<Layers>
							<Layer level="BACKGROUND">
								<FontString name="$parentLabel" inherits="GameFontNormalSmall" text="VOICE_CHAT_OUTPUT_DEVICE">
									<Anchors>
										<Anchor point="BOTTOM" relativePoint="TOP">
											<Offset x="0" y="12"/>
										</Anchor>
									</Anchors>
								</FontString>
							</Layer>
						</Layers>
						<Scripts>
							<OnLoad>
								VoiceOptionsFrameOutputDeviceDropDown_Load();
							</OnLoad>
							<OnEnter>
								if ( UIDropDownMenu_IsEnabled(this) ) then
									GameTooltip:SetOwner(this, "ANCHOR_RIGHT");
									GameTooltip:SetText(OPTION_TOOLTIP_VOICE_OUTPUT, nil, nil, nil, nil, 1);
									GameTooltip:Show();
								end
							</OnEnter>
							<OnLeave>
								GameTooltip:Hide();
							</OnLeave>
						</Scripts>
					</Frame>
					<Slider name="VoiceOptionsFrameSlider3" inherits="VoiceOptionsSliderTemplate" id="3">
						<Anchors>
							<Anchor point="TOPLEFT" relativeTo="VoiceOptionsFrameOutputDeviceDropDown" relativePoint="BOTTOMLEFT">
								<Offset>
									<AbsDimension x="18" y="-20"/>
								</Offset>
							</Anchor>
						</Anchors>
					</Slider>
				</Frames>
			</Frame>
			<Frame name="$parentAudio">
				<Size>
					<AbsDimension x="180" y="160"/>
				</Size>
				<Anchors>
					<Anchor point="TOP" relativeTo="$parentSpeaking" relativePoint="TOP">
						<Offset>
							<AbsDimension x="0" y="-113"/>
						</Offset>
					</Anchor>
				</Anchors>
				<Layers>
					<Layer level="BACKGROUND">
						<FontString name="$parentLabel" inherits="GameFontNormalSmall" text="VOICE_GAME_DUCKING" justifyH="LEFT">
							<Size>
								<AbsDimension x="160" y="50"/>
							</Size>
							<Anchors>
								<Anchor point="TOPLEFT">
									<Offset>
										<AbsDimension x="15" y="10"/>
									</Offset>
								</Anchor>
							</Anchors>
						</FontString>
						<FontString name="$parentDescription" inherits="GameFontHighlightSmall" text="VOICE_CHAT_AUDIO_DUCKING" justifyH="LEFT">
							<Size>
								<AbsDimension x="160" y="50"/>
							</Size>
							<Anchors>
								<Anchor point="TOPLEFT">
									<Offset>
										<AbsDimension x="15" y="-15"/>
									</Offset>
								</Anchor>
							</Anchors>
						</FontString>
						<FontString name="$parentOff" inherits="GameFontHighlightSmall" text="OFF">
							<Anchors>
								<Anchor point="TOPLEFT">
									<Offset>
										<AbsDimension x="70" y="-66"/>
									</Offset>
								</Anchor>
							</Anchors>
						</FontString>
						<FontString name="$parentNormal" inherits="GameFontHighlightSmall" text="VOICE_CHAT_NORMAL">
							<Anchors>
								<Anchor point="TOPRIGHT">
									<Offset>
										<AbsDimension x="-10" y="-66"/>
									</Offset>
								</Anchor>
							</Anchors>
						</FontString>
					</Layer>
				</Layers>
				<Frames>
					<Slider name="VoiceOptionsFrameSlider4" inherits="VoiceOptionsVolumeSliderTemplate" id="4">
						<Anchors>
							<Anchor point="TOPLEFT">
								<Offset>
									<AbsDimension x="70" y="-80"/>
								</Offset>
							</Anchor>
						</Anchors>
					</Slider>
					<Slider name="VoiceOptionsFrameSlider5" inherits="VoiceOptionsVolumeSliderTemplate" id="5">
						<Anchors>
							<Anchor point="TOPLEFT" relativeTo="VoiceOptionsFrameSlider4" relativePoint="BOTTOMLEFT">
								<Offset>
									<AbsDimension x="0" y="-10"/>
								</Offset>
							</Anchor>
						</Anchors>
					</Slider>
					<Slider name="VoiceOptionsFrameSlider6" inherits="VoiceOptionsVolumeSliderTemplate" id="6">
						<Anchors>
							<Anchor point="TOPLEFT" relativeTo="VoiceOptionsFrameSlider5"  relativePoint="BOTTOMLEFT">
								<Offset>
									<AbsDimension x="0" y="-10"/>
								</Offset>
							</Anchor>
						</Anchors>
					</Slider>
				</Frames>
			</Frame>
			<Button name="VoiceOptionsFrameCancel" inherits="OptionsButtonTemplate" text="CANCEL">
				<Size>
					<AbsDimension x="100" y="21"/>
				</Size>
				<Anchors>
					<Anchor point="BOTTOMRIGHT">
						<Offset>
							<AbsDimension x="-16" y="16"/>
						</Offset>
					</Anchor>
				</Anchors>
				<Scripts>
					<OnClick>
						PlaySound("gsTitleOptionExit");
						VoiceOptionsFrameType1KeyBindingButton:UnlockHighlight();
						VoiceOptionsFrameType1KeyBindingButton.buttonPressed = nil;
						VoiceOptionsFrameBindingOutputText:SetText("");
						VoiceOptionsFrameBindingOutput.fade = nil;
						HideUIPanel(AudioOptionsFrame);
						VoiceOptionsFrame_Cancel();
						SoundOptionsFrame_Cancel();
					</OnClick>
				</Scripts>
			</Button>
			<Button name="VoiceOptionsFrameOkay" inherits="OptionsButtonTemplate" text="OKAY">
				<Size>
					<AbsDimension x="100" y="21"/>
				</Size>
				<Anchors>
					<Anchor point="RIGHT" relativeTo="SoundOptionsFrameCancel" relativePoint="LEFT">
						<Offset>
							<AbsDimension x="0" y="0"/>
						</Offset>
					</Anchor>
				</Anchors>
				<Scripts>
					<OnClick>
						PlaySound("gsTitleOptionOK");
						VoiceOptionsFrame_Okay();
						VoiceOptionsFrameType1KeyBindingButton:UnlockHighlight();
						VoiceOptionsFrameType1KeyBindingButton.buttonPressed = nil;
						VoiceOptionsFrameBindingOutputText:SetText("");
						VoiceOptionsFrameBindingOutput.fade = nil;
						AudioOptionsFrame.okay = true;
						HideUIPanel(AudioOptionsFrame);
						if ( AudioOptionsFrame.ClientRestart ) then
							StaticPopup_Show("CLIENT_RESTART_ALERT");
						elseif ( AudioOptionsFrame.SoundRestart ) then
							AudioOptionsFrame_RestartEngine();							
						end
					</OnClick>
				</Scripts>
			</Button>
		</Frames>
		<Scripts>
			<OnLoad>
			   VoiceOptionsFrame_Init();
			</OnLoad>
			<OnShow>
				VoiceOptionsFrame_OnShow();
			</OnShow>
			<OnHide>
				VoiceChatTalkers:SetAlpha(0);
				VoiceChat_StopPlayingLoopbackSound();
			</OnHide>
			<OnEvent>
				VoiceOptionsFrame_OnEvent(self, event, ...);
			</OnEvent>
			<OnUpdate>
				VoiceOptionsFrame_OnUpdate(arg1);
			</OnUpdate>
		</Scripts>
	</Frame>
</Ui>
